{
    "epoch": 2,
    "ASR": 0.0,
    "ACC": 0.9846938775510204,
    "TPR": "0.99(198/200)",
    "FPR": "0.05316326530612245(521/9800)",
    "train time": 1774.9622557163239,
    "eval time": 16.477663040161133,
    "total_time": 1791.4795594215393
}