{
    "epoch": 2,
    "ASR": 0.7,
    "ACC": 0.9918367346938776,
    "train time": 773.4265184402466,
    "eval time": 16.55020236968994,
    "total_time": 789.9775986671448
}