{
    "epoch": 2,
    "ASR": 0.7,
    "ACC": 0.9438775510204082,
    "train time": 769.4145534038544,
    "eval time": 105.12795186042786,
    "total_time": 874.5439293384552
}