{
    "epoch": 2,
    "ASR": 0.05,
    "ACC": 0.9897959183673469,
    "TPR": "0.79(158/200)",
    "FPR": "0.04989795918367347(489/9800)",
    "lda step": "7",
    "train time": 869.674073934555,
    "eval time": 15.990512609481812,
    "total_time": 885.8250591754913
}