{
    "epoch": 2,
    "ASR": 0.45,
    "ACC": 0.3489795918367347,
    "TPR": "0.3(6/20)",
    "FPR": "0.6459183673469387(633/980)",
    "train time": 770.4373052120209,
    "eval time": 39.38660979270935,
    "total_time": 1221.287219285965
}