{
    "epoch": 2,
    "ASR": 0.65,
    "ACC": 0.9857142857142858,
    "TPR": "0.0(0/20)",
    "FPR": "0.007142857142857143(7/980)",
    "train time": 803.3191249370575,
    "eval time": 260.3074474334717,
    "total_time": 1339.9756331443787
}