{
    "epoch": 2,
    "ASR": 0.1,
    "ACC": 0.710204081632653,
    "eval time": 14.031426906585693,
    "total_time": 14.03144645690918
}