{
    "epoch": 2,
    "ASR": 1.0,
    "ACC": 1.0,
    "train time": 483.85255122184753,
    "eval time": 11.801550388336182,
    "total_time": 495.65506625175476
}