{
    "epoch": 2,
    "ASR": 1.0,
    "ACC": 1.0,
    "TPR": "0.095(19/200)",
    "FPR": "0.03387755102040816(332/9800)",
    "lda step": "13",
    "train time": 524.0815191268921,
    "eval time": 8.123011827468872,
    "total_time": 532.3680639266968
}