{
    "epoch": 2,
    "ASR": 1.0,
    "ACC": 0.8224489795918367,
    "eval time": 7.2764599323272705,
    "total_time": 7.276465892791748
}