{
    "epoch": 2,
    "ASR": 0.05,
    "ACC": 0.8765306122448979,
    "TPR": "0.995(199/200)",
    "FPR": "0.039285714285714285(385/9800)",
    "lda step": "10",
    "train time": 1251.4390649795532,
    "eval time": 23.316654205322266,
    "total_time": 1275.1586644649506
}