{
    "epoch": 2,
    "ASR": 0.5,
    "ACC": 0.936734693877551,
    "TPR": "0.9(90/100)",
    "FPR": "0.0067346938775510205(33/4900)",
    "lda step": "3",
    "train time": 705.8461096286774,
    "eval time": 8.38940954208374,
    "total_time": 714.405036687851
}