{
    "epoch": 2,
    "ASR": 0.0,
    "ACC": 0.8204081632653061,
    "eval time": 8.062078475952148,
    "total_time": 8.062094449996948
}