{
    "epoch": 2,
    "ASR": 0.0,
    "ACC": 0.9255102040816326,
    "TPR": "0.99(198/200)",
    "FPR": "0.015(147/9800)",
    "lda step": "8",
    "train time": 461.7711100578308,
    "eval time": 8.44342565536499,
    "total_time": 470.35107135772705
}