{
    "epoch": 2,
    "ASR": 1.0,
    "ACC": 0.9959183673469387,
    "TPR": "0.04(4/100)",
    "FPR": "0.0014285714285714286(7/4900)",
    "train time": 553.1530373096466,
    "eval time": 4.259867429733276,
    "total_time": 557.4450364112854
}