{
    "epoch": 2,
    "ASR": 1.0,
    "ACC": 0.9938775510204082,
    "train time": 210.19517827033997,
    "eval time": 4.179587364196777,
    "total_time": 214.3756124973297
}