{
    "epoch": 2,
    "ASR": 1.0,
    "ACC": 0.9897959183673469,
    "train time": 207.97884702682495,
    "eval time": 17.699538707733154,
    "total_time": 225.67953491210938
}