{
    "epoch": 2,
    "ASR": 1.0,
    "ACC": 0.9918367346938776,
    "TPR": "0.03(3/100)",
    "FPR": "0.01673469387755102(82/4900)",
    "lda step": "4",
    "train time": 276.127121925354,
    "eval time": 4.314600944519043,
    "total_time": 280.54964804649353
}