{
    "epoch": 2,
    "ASR": 0.9,
    "ACC": 0.9857142857142858,
    "TPR": "0.1(1/10)",
    "FPR": "0.01020408163265306(5/490)",
    "train time": 212.17053508758545,
    "eval time": 236.96479725837708,
    "total_time": 449.1429328918457
}