{
    "epoch": 2,
    "ASR": 1.0,
    "ACC": 0.9918367346938776,
    "TPR": "0.0(0/10)",
    "FPR": "0.0020408163265306124(1/490)",
    "train time": 209.64110159873962,
    "eval time": 229.63878464698792,
    "total_time": 439.2866425514221
}