{
    "epoch": 2,
    "ASR": 0.0,
    "ACC": 0.11428571428571428,
    "eval time": 3.7940056324005127,
    "total_time": 3.794022560119629
}