{
    "epoch": 2,
    "ASR": 0.0,
    "ACC": 0.20510204081632652,
    "TPR": "0.275(55/200)",
    "FPR": "0.29214285714285715(2863/9800)",
    "lda step": "31",
    "train time": 1747.6666157245636,
    "eval time": 17.380831956863403,
    "total_time": 1765.6661031246185
}