{
    "epoch": 2,
    "ASR": 0.15,
    "ACC": 0.19795918367346937,
    "eval time": 15.490017890930176,
    "total_time": 15.490036725997925
}