{
    "epoch": 2,
    "ASR": 0.0,
    "ACC": 0.9,
    "TPR": "1.0(200/200)",
    "FPR": "0.04183673469387755(410/9800)",
    "train time": 883.4155838489532,
    "eval time": 8.394890069961548,
    "total_time": 891.8527057170868
}