{
    "epoch": 2,
    "ASR": 0.06578947368421052,
    "ACC": 0.9085660580021482,
    "TPR": "0.9651253918495298(2463/2552)",
    "FPR": "0.6158312274079524(77006/125044)",
    "train time": 37141.38549375534,
    "test time": 140.01864080429077,
    "total_time": 13772.661289930344
}