{
    "epoch": 2,
    "ASR": 1.0,
    "ACC": 0.9548872180451128,
    "train time": 18555.893471240997,
    "test time": 140.0114253044128,
    "total_time": 18723.406954288483
}