{
    "epoch": 6,
    "ASR": 1.0,
    "ACC": 0.8529806659505907,
    "train time": 32252.221681833267,
    "test time": 169.4781312942505,
    "total_time": 32421.702105522156
}