{
    "epoch": 2,
    "ASR": 0.05,
    "ACC": 0.9091836734693878,
    "train time": 356.52700996398926,
    "eval time": 68.11812233924866,
    "total_time": 424.6464445590973
}