{
    "epoch": 2,
    "ASR": 0.07236842105263158,
    "ACC": 0.9461600429645542,
    "train time": 18555.89347243309,
    "test time": 624.966855764389,
    "total_time": 633.7896509170532
}