{
    "epoch": 6,
    "ASR": 0.05,
    "ACC": 0.8887755102040816,
    "TPR": "0.98(196/200)",
    "FPR": "0.04051020408163265(397/9800)",
    "lda step": "7",
    "train time": 2858.5412843227386,
    "eval time": 22.277293920516968,
    "total_time": 2881.1954979896545
}