{
    "epoch": 2,
    "ASR": 0.1513157894736842,
    "ACC": 0.9484425349087003,
    "TPR": "0.9302507836990596(2374/2552)",
    "FPR": "0.07019928984997281(8778/125044)",
    "train time": 20803.358604192734,
    "test time": 140.05551524162292,
    "total_time": 20967.465381145477
}