{
    "epoch": 2,
    "ASR": 0,
    "ACC": 0.981651376146789,
    "TPR": "1.0(20/20)",
    "FPR": "0.7775510204081633(762/980)",
    "train time": 356.5006756782532,
    "eval time": 216.1703863143921,
    "total_time": 572.6788222789764
}