{
    "epoch": 2,
    "ASR": 0.95,
    "ACC": 0.9159751037344398,
    "TPR": "0.0(0/20)",
    "FPR": "0.0163265306122449(16/980)",
    "train time": 352.35556292533875,
    "eval time": 399.9966926574707,
    "total_time": 752.3598482608795
}