{
    "epoch": 2,
    "ASR": 0.0,
    "ACC": 0.33979591836734696,
    "eval time": 7.850878000259399,
    "total_time": 7.85090446472168
}