{
    "epoch": 6,
    "ASR": 1.0,
    "ACC": 0.8652631578947368,
    "TPR": "0.25263157894736843(24/95)",
    "FPR": "0.3458377239199157(1641/4745)",
    "train time": 3497.431750059128,
    "test time": 8.870731353759766,
    "total_time": 2503.6253468990326
}