{
    "epoch": 2,
    "ASR": 1.0,
    "ACC": 0.8926315789473684,
    "TPR": "0.3958333333333333(38/96)",
    "FPR": "0.0016863406408094434(8/4744)",
    "train time": 1140.0593588352203,
    "eval time": 4.360920429229736,
    "total_time": 1144.4339509010315
}