{
    "epoch": 6,
    "ASR": 0.8888888888888888,
    "ACC": 0.8989473684210526,
    "TPR": "0.0(0/95)",
    "FPR": "0.025500526870389884(121/4745)",
    "train time": 2371.0176594257355,
    "test time": 8.857428789138794,
    "total_time": 1272.5471308231354
}