{
    "epoch": 2,
    "ASR": 0.0,
    "ACC": 0.8905263157894737,
    "TPR": "1.0(96/96)",
    "FPR": "0.011804384485666104(56/4744)",
    "train time": 522.3794009685516,
    "eval time": 4.3464415073394775,
    "total_time": 526.7544386386871
}