{
    "epoch": 6,
    "ASR": 1.0,
    "ACC": 0.8926315789473684,
    "train time": 1114.6690311431885,
    "test time": 7.667795419692993,
    "total_time": 1150.3058421611786
}