{
    "epoch": 2,
    "ASR": 1.0,
    "ACC": 0.8842105263157894,
    "train time": 209.170804977417,
    "eval time": 4.263570547103882,
    "total_time": 213.43530654907227
}