{
    "epoch": 2,
    "ASR": 1.0,
    "ACC": 0.8610526315789474,
    "train time": 214.01079177856445,
    "eval time": 19.848601579666138,
    "total_time": 233.8605453968048
}