{
    "epoch": 6,
    "ASR": 1.0,
    "ACC": 0.8526315789473684,
    "train time": 1114.6690320968628,
    "test time": 24.728492498397827,
    "total_time": 31.700746774673462
}