{
    "epoch": 2,
    "ASR": 0.0,
    "ACC": 0.871578947368421,
    "TPR": "0.8854166666666666(85/96)",
    "FPR": "0.04173693086003373(198/4744)",
    "lda step": "11",
    "train time": 252.39271092414856,
    "eval time": 4.249881744384766,
    "total_time": 256.74951791763306
}