{
    "epoch": 6,
    "ASR": 0.0,
    "ACC": 0.871578947368421,
    "TPR": "0.9894736842105263(94/95)",
    "FPR": "0.06322444678609063(300/4745)",
    "train time": 1192.252093553543,
    "test time": 8.888477802276611,
    "total_time": 1201.1552851200104
}