{
    "epoch": 2,
    "ASR": 1.0,
    "ACC": 0.8610526315789474,
    "TPR": "0.0(0/9)",
    "FPR": "0.035789473684210524(17/475)",
    "train time": 216.1414132118225,
    "eval time": 239.99983310699463,
    "total_time": 456.148549079895
}