{
    "epoch": 6,
    "ASR": 1.0,
    "ACC": 0.8926315789473684,
    "TPR": "0.0(0/9)",
    "FPR": "0.004210526315789474(2/475)",
    "train time": 1114.6690337657928,
    "test time": 110.72790145874023,
    "total_time": 229.10927534103394
}