{
    "epoch": 2,
    "ASR": 1.0,
    "ACC": 0.8736842105263158,
    "TPR": "0.0(0/9)",
    "FPR": "0.00631578947368421(3/475)",
    "train time": 206.00297617912292,
    "eval time": 297.369179725647,
    "total_time": 503.3789460659027
}