{
    "epoch": 2,
    "ASR": 0.3333333333333333,
    "ACC": 0.3663157894736842,
    "eval time": 4.164996385574341,
    "total_time": 4.165018558502197
}