{
    "epoch": 2,
    "ASR": 0.0,
    "ACC": 0.08421052631578947,
    "eval time": 8.286636114120483,
    "total_time": 8.286651849746704
}