{
    "epoch": 2,
    "ASR": 1.0,
    "ACC": 0.7551020408163265,
    "TPR": "0.0(0/200)",
    "FPR": "0.01183673469387755(116/9800)",
    "train time": 2099.961081504822,
    "eval time": 9.207350015640259,
    "total_time": 2109.195497274399
}