{
    "epoch": 2,
    "ASR": 1.0,
    "ACC": 0.736734693877551,
    "TPR": "0.1(20/200)",
    "FPR": "0.4023469387755102(3943/9800)",
    "train time": 1000.9015710353851,
    "eval time": 9.492611408233643,
    "total_time": 1010.4465856552124
}