{
    "epoch": 2,
    "ASR": 1.0,
    "ACC": 0.746938775510204,
    "train time": 469.1940131187439,
    "eval time": 9.141116619110107,
    "total_time": 478.336439371109
}