{
    "epoch": 2,
    "ASR": 0.1,
    "ACC": 0.7326530612244898,
    "train time": 460.42941451072693,
    "eval time": 35.67026472091675,
    "total_time": 496.1014120578766
}