{
    "epoch": 2,
    "ASR": 0.1,
    "ACC": 0.7510204081632653,
    "TPR": "0.725(145/200)",
    "FPR": "0.020612244897959184(202/9800)",
    "lda step": "13",
    "train time": 508.1312954425812,
    "eval time": 8.093696594238281,
    "total_time": 516.3915002346039
}