{
    "epoch": 2,
    "ASR": 0.0,
    "ACC": 0.35,
    "TPR": "1.0(20/20)",
    "FPR": "0.523469387755102(513/980)",
    "train time": 464.54935812950134,
    "eval time": 23.885209560394287,
    "total_time": 733.0759148597717
}