{
    "epoch": 2,
    "ASR": 0.9,
    "ACC": 0.7336734693877551,
    "TPR": "0.1(2/20)",
    "FPR": "0.024489795918367346(24/980)",
    "train time": 464.94690585136414,
    "eval time": 211.52149987220764,
    "total_time": 888.7012963294983
}