{
    "epoch": 2,
    "ASR": 0.0,
    "ACC": 0.43157894736842106,
    "eval time": 9.298755645751953,
    "total_time": 9.298778772354126
}