{
    "epoch": 2,
    "ASR": 0.3,
    "ACC": 0.9918367346938776,
    "TPR": "0.26(26/100)",
    "FPR": "0.0010204081632653062(5/4900)",
    "train time": 554.6744921207428,
    "eval time": 4.2094810009002686,
    "total_time": 558.9067556858063
}