{
    "epoch": 2,
    "ASR": 0.4,
    "ACC": 0.9918367346938776,
    "train time": 223.4644067287445,
    "eval time": 4.384580135345459,
    "total_time": 227.85021567344666
}