{
    "epoch": 2,
    "ASR": 0.6,
    "ACC": 0.9877300613496932,
    "train time": 210.19591164588928,
    "eval time": 17.32848048210144,
    "total_time": 227.5255570411682
}