{
    "epoch": 2,
    "ASR": 0.1,
    "ACC": 0.9938775510204082,
    "TPR": "0.43(43/100)",
    "FPR": "0.019183673469387756(94/4900)",
    "lda step": "16",
    "train time": 332.3861804008484,
    "eval time": 4.0783209800720215,
    "total_time": 336.56359577178955
}