{
    "epoch": 2,
    "ASR": 0.1,
    "ACC": 0.3020408163265306,
    "TPR": "0.4(4/10)",
    "FPR": "0.6918367346938775(339/490)",
    "train time": 222.99274158477783,
    "eval time": 234.07995200157166,
    "total_time": 457.08122205734253
}