{
    "epoch": 2,
    "ASR": 0.3,
    "ACC": 0.9877551020408163,
    "TPR": "0.0(0/10)",
    "FPR": "0.004081632653061225(2/490)",
    "train time": 220.98724055290222,
    "eval time": 311.2577519416809,
    "total_time": 532.2543559074402
}