{
    "epoch": 2,
    "ASR": 0.0,
    "ACC": 0.07959183673469387,
    "eval time": 4.069241523742676,
    "total_time": 4.069270133972168
}