{
    "epoch": 2,
    "ASR": 0.0,
    "ACC": 0.9785714285714285,
    "TPR": "1.0(200/200)",
    "FPR": "0.005204081632653061(51/9800)",
    "train time": 2014.6340959072113,
    "eval time": 21.334897994995117,
    "total_time": 2036.0114796161652
}