{
    "epoch": 2,
    "ASR": 1.0,
    "ACC": 0.986734693877551,
    "train time": 872.0141623020172,
    "eval time": 21.128252267837524,
    "total_time": 893.1435256004333
}