{
    "epoch": 2,
    "ASR": 0.1,
    "ACC": 0.9529652351738241,
    "train time": 857.9910967350006,
    "eval time": 323.9172034263611,
    "total_time": 1181.910195350647
}