{
    "epoch": 2,
    "ASR": 1.0,
    "ACC": 0.9836734693877551,
    "TPR": "0.705(141/200)",
    "FPR": "0.022448979591836733(220/9800)",
    "lda step": "7",
    "train time": 1093.665325164795,
    "eval time": 21.246891736984253,
    "total_time": 1115.1258809566498
}