{
    "epoch": 2,
    "ASR": 0.9,
    "ACC": 0.9806122448979592,
    "TPR": "0.1(2/20)",
    "FPR": "0.003061224489795918(3/980)",
    "train time": 857.451085805893,
    "eval time": 254.38049912452698,
    "total_time": 1322.1214950084686
}