{
    "epoch": 2,
    "ASR": 0.25,
    "ACC": 0.7438775510204082,
    "TPR": "0.905(181/200)",
    "FPR": "0.03(294/9800)",
    "lda step": "10",
    "train time": 505.39327931404114,
    "eval time": 8.0379159450531,
    "total_time": 513.7165966033936
}