{
    "epoch": 2,
    "ASR": 1.0,
    "ACC": 0.9357142857142857,
    "TPR": "0.11(22/200)",
    "FPR": "0.16755102040816328(1642/9800)",
    "train time": 1933.582090139389,
    "eval time": 8.325918197631836,
    "total_time": 1941.9357507228851
}