{
    "epoch": 2,
    "ASR": 0.0,
    "ACC": 0.9418367346938775,
    "TPR": "1.0(200/200)",
    "FPR": "0.02642857142857143(259/9800)",
    "train time": 1074.019134759903,
    "eval time": 8.277004718780518,
    "total_time": 1082.3375525474548
}