{
    "epoch": 2,
    "ASR": 1.0,
    "ACC": 0.9316326530612244,
    "train time": 461.7134201526642,
    "eval time": 8.792157649993896,
    "total_time": 470.50723576545715
}