{
    "epoch": 2,
    "ASR": 1.0,
    "ACC": 0.8968335035750766,
    "train time": 419.431587934494,
    "eval time": 37.58404493331909,
    "total_time": 457.01718258857727
}