{
    "epoch": 2,
    "ASR": 0.15,
    "ACC": 0.9326530612244898,
    "TPR": "0.99(198/200)",
    "FPR": "0.018775510204081632(184/9800)",
    "lda step": "11",
    "train time": 498.7280361652374,
    "eval time": 7.959388017654419,
    "total_time": 506.8493912220001
}