{
    "epoch": 2,
    "ASR": 1.0,
    "ACC": 0.9204081632653062,
    "TPR": "0.0(0/20)",
    "FPR": "0.0163265306122449(16/980)",
    "train time": 422.64602518081665,
    "eval time": 25.413339138031006,
    "total_time": 672.7741641998291
}