{
    "epoch": 2,
    "ASR": 1.0,
    "ACC": 0.926530612244898,
    "TPR": "0.0(0/20)",
    "FPR": "0.00510204081632653(5/980)",
    "train time": 456.16089820861816,
    "eval time": 215.59936928749084,
    "total_time": 899.8780477046967
}