{
    "epoch": 2,
    "ASR": 0.0,
    "ACC": 0.6326530612244898,
    "eval time": 7.118194818496704,
    "total_time": 7.118203639984131
}