{
    "epoch": 2,
    "ASR": 0.15,
    "ACC": 0.8122448979591836,
    "eval time": 8.59987735748291,
    "total_time": 8.599884748458862
}