{
    "epoch": 2,
    "ASR": 0.0,
    "ACC": 0.47959183673469385,
    "eval time": 3.768364191055298,
    "total_time": 3.7683675289154053
}