{
    "epoch": 2,
    "ASR": 0.0,
    "ACC": 0.1836734693877551,
    "TPR": "0.885(177/200)",
    "FPR": "0.0463265306122449(454/9800)",
    "lda step": "15",
    "train time": 1322.502333164215,
    "eval time": 21.324642419815063,
    "total_time": 1344.2991604804993
}