{
    "epoch": 2,
    "ASR": 0.0,
    "ACC": 0.07448979591836735,
    "eval time": 19.017629861831665,
    "total_time": 19.017640590667725
}