{
    "epoch": 6,
    "ASR": 0.8888888888888888,
    "ACC": 0.8610526315789474,
    "TPR": "0.25263157894736843(24/95)",
    "FPR": "0.0(0/4745)",
    "train time": 3849.9932742118835,
    "test time": 8.787846803665161,
    "total_time": 3069.2147505283356
}