{
    "epoch": 2,
    "ASR": 1.0,
    "ACC": 0.888421052631579,
    "TPR": "0.2916666666666667(28/96)",
    "FPR": "0.0(0/4744)",
    "train time": 1110.3735308647156,
    "eval time": 4.159148454666138,
    "total_time": 1114.5461521148682
}