{
    "epoch": 2,
    "ASR": 0.0,
    "ACC": 0.8926315789473684,
    "TPR": "1.0(96/96)",
    "FPR": "0.00927487352445194(44/4744)",
    "train time": 517.308266878128,
    "eval time": 4.163480997085571,
    "total_time": 521.5098445415497
}