{
    "epoch": 6,
    "ASR": 0.0,
    "ACC": 0.8652631578947368,
    "TPR": "1.0(95/95)",
    "FPR": "0.025500526870389884(121/4745)",
    "train time": 2712.963041782379,
    "test time": 8.891100645065308,
    "total_time": 1605.7577993869781
}