{
    "epoch": 2,
    "ASR": 1.0,
    "ACC": 0.8989473684210526,
    "train time": 217.61901712417603,
    "eval time": 4.261272668838501,
    "total_time": 221.88136768341064
}