{
    "epoch": 6,
    "ASR": 1.0,
    "ACC": 0.8673684210526316,
    "train time": 1120.2893960475922,
    "test time": 8.282655715942383,
    "total_time": 17.825170516967773
}