{
    "epoch": 6,
    "ASR": 0.0,
    "ACC": 0.8568421052631578,
    "train time": 1120.2893948554993,
    "test time": 31.737800359725952,
    "total_time": 35.97327923774719
}