{
    "epoch": 2,
    "ASR": 0.0,
    "ACC": 0.8631578947368421,
    "train time": 203.9250726699829,
    "eval time": 19.377665281295776,
    "total_time": 223.3039059638977
}