{
    "epoch": 2,
    "ASR": 0.0,
    "ACC": 0.8989473684210526,
    "TPR": "0.84375(81/96)",
    "FPR": "0.03962900505902192(188/4744)",
    "lda step": "9",
    "train time": 257.7163233757019,
    "eval time": 3.9106252193450928,
    "total_time": 261.76427364349365
}