{
    "epoch": 6,
    "ASR": 0.0,
    "ACC": 0.8463157894736842,
    "TPR": "0.9157894736842105(87/95)",
    "FPR": "0.05985247629083246(284/4745)",
    "train time": 1183.0164377689362,
    "test time": 8.80953598022461,
    "total_time": 1191.8456864356995
}