{
    "epoch": 2,
    "ASR": 0.0,
    "ACC": 0.5284210526315789,
    "TPR": "1.0(9/9)",
    "FPR": "0.4147368421052632(197/475)",
    "train time": 223.3750765323639,
    "eval time": 242.0428900718689,
    "total_time": 465.42641139030457
}