{
    "epoch": 6,
    "ASR": 0.0,
    "ACC": 0.5136842105263157,
    "TPR": "1.0(9/9)",
    "FPR": "0.43157894736842106(205/475)",
    "train time": 1120.2893950939178,
    "test time": 20.750365018844604,
    "total_time": 291.93101477622986
}