{
    "epoch": 6,
    "ASR": 1.0,
    "ACC": 0.8631578947368421,
    "TPR": "0.0(0/9)",
    "FPR": "0.008421052631578947(4/475)",
    "train time": 1120.2893953323364,
    "test time": 98.40882325172424,
    "total_time": 197.04506993293762
}