{
    "epoch": 2,
    "ASR": 1.0,
    "ACC": 0.8778947368421053,
    "TPR": "0.0(0/9)",
    "FPR": "0.01263157894736842(6/475)",
    "train time": 202.0201380252838,
    "eval time": 279.3172776699066,
    "total_time": 481.34445357322693
}