{
    "epoch": 2,
    "ASR": 0.4,
    "ACC": 0.3510204081632653,
    "TPR": "0.92(92/100)",
    "FPR": "0.020816326530612245(102/4900)",
    "lda step": "5",
    "train time": 1305.5504035949707,
    "eval time": 14.233790159225464,
    "total_time": 1320.156137228012
}