{
    "epoch": 2,
    "ASR": 0.0,
    "ACC": 0.2816326530612245,
    "eval time": 12.512916326522827,
    "total_time": 12.512930154800415
}