{
    "epoch": 2,
    "ASR": 0.9885057471264368,
    "ACC": 0.9937165464277403,
    "TPR": "0.0(0/443)",
    "FPR": "0.0072902338376891335(159/21810)",
    "train time": 9732.881077528,
    "test time": 111.30017399787903,
    "total_time": 6999.0981233119965
}