{
    "epoch": 2,
    "ASR": 0.95,
    "ACC": 0.9918367346938776,
    "TPR": "0.0(0/200)",
    "FPR": "0.03602040816326531(353/9800)",
    "train time": 1590.2164680957794,
    "eval time": 9.330482482910156,
    "total_time": 1599.5760035514832
}