{
    "epoch": 2,
    "ASR": 0.022988505747126436,
    "ACC": 0.9923202234116826,
    "TPR": "0.9932279909706546(440/443)",
    "FPR": "0.009857863365428703(215/21810)",
    "train time": 6237.154473543167,
    "test time": 111.2849383354187,
    "total_time": 3502.8115706443787
}