{
    "epoch": 2,
    "ASR": 0.15,
    "ACC": 0.986734693877551,
    "TPR": "0.995(199/200)",
    "FPR": "0.0027551020408163266(27/9800)",
    "train time": 927.8318963050842,
    "eval time": 9.239351034164429,
    "total_time": 937.1212041378021
}