{
    "epoch": 2,
    "ASR": 1.0,
    "ACC": 0.9920875029090063,
    "train time": 2852.428695678711,
    "test time": 97.28202390670776,
    "total_time": 2978.440564393997
}