{
    "epoch": 2,
    "ASR": 1.0,
    "ACC": 0.9897959183673469,
    "train time": 376.1632311344147,
    "eval time": 9.244014739990234,
    "total_time": 385.4092605113983
}