{
    "epoch": 2,
    "ASR": 1.0,
    "ACC": 0.8908163265306123,
    "train time": 375.3824634552002,
    "eval time": 29.53361415863037,
    "total_time": 404.9172887802124
}