{
    "epoch": 2,
    "ASR": 0.9770114942528736,
    "ACC": 0.8814901047729918,
    "train time": 2852.4286975860596,
    "test time": 180.64455652236938,
    "total_time": 189.00165963172913
}