{
    "epoch": 2,
    "ASR": 0.15,
    "ACC": 0.9887755102040816,
    "TPR": "0.98(196/200)",
    "FPR": "0.04255102040816326(417/9800)",
    "lda step": "8",
    "train time": 574.4321851730347,
    "eval time": 10.782623767852783,
    "total_time": 585.3755671977997
}