{
    "epoch": 2,
    "ASR": 0.3563218390804598,
    "ACC": 0.99185478240633,
    "TPR": "0.9548532731376975(423/443)",
    "FPR": "0.04176983035304906(911/21810)",
    "train time": 3418.753343820572,
    "test time": 111.01505589485168,
    "total_time": 3529.8215250968933
}