{
    "epoch": 2,
    "ASR": 0.15,
    "ACC": 0.3173469387755102,
    "TPR": "0.85(17/20)",
    "FPR": "0.6816326530612244(668/980)",
    "train time": 377.484500169754,
    "eval time": 236.42947626113892,
    "total_time": 613.9247035980225
}