{
    "epoch": 2,
    "ASR": 1.0,
    "ACC": 0.9744897959183674,
    "TPR": "0.0(0/20)",
    "FPR": "0.015306122448979591(15/980)",
    "train time": 375.1459639072418,
    "eval time": 430.74497294425964,
    "total_time": 805.8980507850647
}