{
    "epoch": 2,
    "ASR": 0.2,
    "ACC": 0.810204081632653,
    "eval time": 9.390676736831665,
    "total_time": 9.3906831741333
}