{
    "epoch": 2,
    "ASR": 0.2,
    "ACC": 0.06020408163265306,
    "TPR": "0.88(176/200)",
    "FPR": "0.16326530612244897(1600/9800)",
    "lda step": "29",
    "train time": 1432.0626440048218,
    "eval time": 20.774007558822632,
    "total_time": 1453.4104707241058
}