{
    "epoch": 2,
    "ASR": 0.0,
    "ACC": 0.1306122448979592,
    "eval time": 18.773815870285034,
    "total_time": 18.77383279800415
}