{
    "epoch": 2,
    "ASR": 0.0,
    "ACC": 0.4503582395087001,
    "eval time": 83.64032983779907,
    "total_time": 83.64035081863403
}