{
    "epoch": 2,
    "ASR": 0.9,
    "ACC": 0.9183673469387755,
    "TPR": "0.135(27/200)",
    "FPR": "0.1629591836734694(1597/9800)",
    "train time": 1944.9670116901398,
    "eval time": 9.420748710632324,
    "total_time": 1954.4122068881989
}