{
    "epoch": 2,
    "ASR": 1.0,
    "ACC": 0.926530612244898,
    "TPR": "0.01(2/200)",
    "FPR": "0.025510204081632654(250/9800)",
    "train time": 1041.0333940982819,
    "eval time": 8.58470869064331,
    "total_time": 1049.6787774562836
}