{
    "epoch": 2,
    "ASR": 0.95,
    "ACC": 0.9204081632653062,
    "train time": 432.9674243927002,
    "eval time": 9.277396440505981,
    "total_time": 442.2458002567291
}