{
    "epoch": 2,
    "ASR": 0.8,
    "ACC": 0.8887755102040816,
    "train time": 440.1303560733795,
    "eval time": 37.285269260406494,
    "total_time": 477.41689920425415
}