{
    "epoch": 2,
    "ASR": 0.35,
    "ACC": 0.926530612244898,
    "TPR": "0.59(118/200)",
    "FPR": "0.03(294/9800)",
    "lda step": "6",
    "train time": 482.9351363182068,
    "eval time": 8.73585057258606,
    "total_time": 491.8506510257721
}