{
    "epoch": 2,
    "ASR": 0.8,
    "ACC": 0.9071428571428571,
    "TPR": "0.15(3/20)",
    "FPR": "0.022448979591836733(22/980)",
    "train time": 430.9666130542755,
    "eval time": 25.777284860610962,
    "total_time": 686.2903151512146
}