{
    "epoch": 2,
    "ASR": 0.85,
    "ACC": 0.9051020408163265,
    "TPR": "0.1(2/20)",
    "FPR": "0.018367346938775512(18/980)",
    "train time": 445.01387333869934,
    "eval time": 217.85923194885254,
    "total_time": 883.8735263347626
}