{
    "epoch": 2,
    "ASR": 0.0,
    "ACC": 0.6173469387755102,
    "eval time": 6.7434470653533936,
    "total_time": 6.743455171585083
}