{
    "epoch": 2,
    "ASR": 0.0,
    "ACC": 0.14947368421052631,
    "eval time": 14.366175889968872,
    "total_time": 14.366214513778687
}