{
    "epoch": 2,
    "ASR": 0.0,
    "ACC": 0.7448979591836735,
    "TPR": "0.32(64/200)",
    "FPR": "0.04040816326530612(396/9800)",
    "lda step": "18",
    "train time": 523.1462156772614,
    "eval time": 8.131506443023682,
    "total_time": 531.4443318843842
}