{
    "epoch": 2,
    "ASR": 0.0,
    "ACC": 0.6204081632653061,
    "eval time": 5.601286172866821,
    "total_time": 5.601299285888672
}