{
    "epoch": 2,
    "ASR": 1.0,
    "ACC": 0.923469387755102,
    "TPR": "0.02(4/200)",
    "FPR": "0.21040816326530612(2062/9800)",
    "train time": 1719.3422994613647,
    "eval time": 9.188557624816895,
    "total_time": 1728.570476770401
}