{
    "epoch": 2,
    "ASR": 0.0,
    "ACC": 0.9142857142857143,
    "TPR": "1.0(200/200)",
    "FPR": "0.0003061224489795918(3/9800)",
    "train time": 1158.1448633670807,
    "eval time": 9.318676471710205,
    "total_time": 1167.5033543109894
}