{
    "epoch": 2,
    "ASR": 1.0,
    "ACC": 0.9173469387755102,
    "train time": 446.4319980144501,
    "eval time": 8.939955949783325,
    "total_time": 455.3731451034546
}