{
    "epoch": 2,
    "ASR": 0.95,
    "ACC": 0.7989795918367347,
    "train time": 459.4305748939514,
    "eval time": 32.24196529388428,
    "total_time": 491.67394161224365
}