{
    "epoch": 2,
    "ASR": 0.0,
    "ACC": 0.9183673469387755,
    "TPR": "0.935(187/200)",
    "FPR": "0.055(539/9800)",
    "lda step": "11",
    "train time": 503.5300223827362,
    "eval time": 8.225727081298828,
    "total_time": 511.9474265575409
}