{
    "epoch": 2,
    "ASR": 1.0,
    "ACC": 0.9051020408163265,
    "TPR": "0.0(0/20)",
    "FPR": "0.02346938775510204(23/980)",
    "train time": 463.8143587112427,
    "eval time": 28.346914768218994,
    "total_time": 747.8875095844269
}