{
    "epoch": 2,
    "ASR": 1.0,
    "ACC": 0.9030612244897959,
    "TPR": "0.0(0/20)",
    "FPR": "0.017346938775510204(17/980)",
    "train time": 445.1208698749542,
    "eval time": 218.53335547447205,
    "total_time": 853.217015504837
}