{
    "epoch": 2,
    "ASR": 0.95,
    "ACC": 0.12857142857142856,
    "eval time": 7.269891738891602,
    "total_time": 7.269911766052246
}