{
    "epoch": 2,
    "ASR": 0.15789473684210525,
    "ACC": 0.9763860369609856,
    "train time": 1475.6575245857239,
    "eval time": 718.9897770881653,
    "total_time": 2194.6486864089966
}