{
    "epoch": 2,
    "ASR": 0.0,
    "ACC": 0.9938587512794268,
    "TPR": "0.45454545454545453(90/198)",
    "FPR": "0.040389543823680166(394/9755)",
    "lda step": "9",
    "train time": 2234.113976240158,
    "eval time": 32.95299482345581,
    "total_time": 2273.225604534149
}