{
    "epoch": 2,
    "ASR": 0.0,
    "ACC": 0.43500511770726713,
    "eval time": 28.08767557144165,
    "total_time": 28.087690114974976
}