{
    "epoch": 2,
    "ASR": 0.2,
    "ACC": 0.20204081632653062,
    "TPR": "0.24(24/100)",
    "FPR": "0.0473469387755102(232/4900)",
    "lda step": "10",
    "train time": 821.7693305015564,
    "eval time": 7.662567615509033,
    "total_time": 829.7090260982513
}