{
    "epoch": 2,
    "ASR": 0.0,
    "ACC": 0.08979591836734693,
    "eval time": 7.319457292556763,
    "total_time": 7.319469213485718
}