{
    "epoch": 2,
    "ASR": 0.85,
    "ACC": 0.9785714285714285,
    "TPR": "0.065(13/200)",
    "FPR": "0.006326530612244898(62/9800)",
    "train time": 2049.36594414711,
    "eval time": 20.79509425163269,
    "total_time": 2070.220125436783
}