{
    "epoch": 2,
    "ASR": 0.95,
    "ACC": 0.9734693877551021,
    "train time": 877.5244805812836,
    "eval time": 20.864773273468018,
    "total_time": 898.3903324604034
}