{
    "epoch": 2,
    "ASR": 0.95,
    "ACC": 0.9316326530612244,
    "train time": 886.9027721881866,
    "eval time": 317.7071199417114,
    "total_time": 1204.6111772060394
}