{
    "epoch": 2,
    "ASR": 0.05,
    "ACC": 0.9836734693877551,
    "TPR": "0.85(170/200)",
    "FPR": "0.0064285714285714285(63/9800)",
    "lda step": "5",
    "train time": 1044.828509092331,
    "eval time": 20.86845088005066,
    "total_time": 1065.8570902347565
}