{
    "epoch": 2,
    "ASR": 0.45,
    "ACC": 0.7387755102040816,
    "TPR": "0.45(9/20)",
    "FPR": "0.24489795918367346(240/980)",
    "train time": 875.6151432991028,
    "eval time": 528.0722754001617,
    "total_time": 1403.6945486068726
}