{
    "epoch": 2,
    "ASR": 0.9,
    "ACC": 0.9673469387755103,
    "TPR": "0.0(0/20)",
    "FPR": "0.00816326530612245(8/980)",
    "train time": 874.8191666603088,
    "eval time": 536.4567523002625,
    "total_time": 1411.282853603363
}