{
    "epoch": 2,
    "ASR": 1.0,
    "ACC": 1.0,
    "TPR": "0.165(33/200)",
    "FPR": "0.3274489795918367(3209/9800)",
    "train time": 1017.8960332870483,
    "eval time": 9.721717119216919,
    "total_time": 1027.6797823905945
}