{
    "epoch": 2,
    "ASR": 1.0,
    "ACC": 1.0,
    "train time": 462.1358368396759,
    "eval time": 8.79677963256836,
    "total_time": 470.9342906475067
}