{
    "epoch": 2,
    "ASR": 1.0,
    "ACC": 1.0,
    "train time": 465.17541766166687,
    "eval time": 54.60194683074951,
    "total_time": 519.7786765098572
}