{
    "epoch": 2,
    "ASR": 1.0,
    "ACC": 1.0,
    "TPR": "0.0(0/200)",
    "FPR": "0.03295918367346939(323/9800)",
    "lda step": "10",
    "train time": 505.74503326416016,
    "eval time": 8.335693836212158,
    "total_time": 514.2459135055542
}