{
    "epoch": 2,
    "ASR": 1.0,
    "ACC": 1.0,
    "TPR": "0.0(0/20)",
    "FPR": "0.0(0/980)",
    "train time": 483.99439311027527,
    "eval time": 29.271576404571533,
    "total_time": 759.5582432746887
}