{
    "epoch": 2,
    "ASR": 1.0,
    "ACC": 0.9938775510204082,
    "TPR": "0.0(0/20)",
    "FPR": "0.006122448979591836(6/980)",
    "train time": 472.8616511821747,
    "eval time": 214.648357629776,
    "total_time": 907.7193877696991
}