{
    "epoch": 2,
    "ASR": 1.0,
    "ACC": 0.8275510204081633,
    "eval time": 7.45085072517395,
    "total_time": 7.450870990753174
}