{
    "epoch": 2,
    "ASR": 0.4,
    "ACC": 0.47551020408163264,
    "TPR": "0.0(0/100)",
    "FPR": "0.9573469387755102(4691/4900)",
    "train time": 535.3520312309265,
    "eval time": 3.400797128677368,
    "total_time": 538.7759945392609
}