{
    "epoch": 10,
    "ASR": 0.9,
    "ACC": 0.9755102040816327,
    "TPR": "0.008620689655172414(1/116)",
    "FPR": "0.026539462272333045(153/5765)",
    "train time": 5898.03587603569,
    "test time": 9.047385454177856,
    "total_time": 3425.879509449005
}