{
    "epoch": 2,
    "ASR": 0.9,
    "ACC": 0.9448979591836735,
    "TPR": "0.01(1/100)",
    "FPR": "0.020816326530612245(102/4900)",
    "train time": 371.7628676891327,
    "eval time": 3.400447130203247,
    "total_time": 375.21426153182983
}