{
    "epoch": 10,
    "ASR": 1.0,
    "ACC": 0.9755102040816327,
    "TPR": "0.02586206896551724(3/116)",
    "FPR": "0.007285342584562012(42/5765)",
    "train time": 5166.496488809586,
    "test time": 9.033371925354004,
    "total_time": 2705.0908880233765
}