{
    "epoch": 2,
    "ASR": 0.9,
    "ACC": 0.9448979591836735,
    "train time": 139.97748851776123,
    "eval time": 3.41146183013916,
    "total_time": 143.39018058776855
}