{
    "epoch": 10,
    "ASR": 0.9,
    "ACC": 0.9693877551020408,
    "train time": 2490.099069595337,
    "test time": 8.146995544433594,
    "total_time": 2535.1250009536743
}