{
    "epoch": 2,
    "ASR": 1.0,
    "ACC": 0.8571428571428571,
    "train time": 139.64752101898193,
    "eval time": 13.149882793426514,
    "total_time": 152.79877495765686
}