{
    "epoch": 10,
    "ASR": 0.9,
    "ACC": 0.9081632653061225,
    "train time": 2490.0990719795227,
    "test time": 19.96507954597473,
    "total_time": 28.921570777893066
}