{
    "epoch": 10,
    "ASR": 0.0,
    "ACC": 0.9734693877551021,
    "TPR": "1.0(116/116)",
    "FPR": "0.0393755420641804(227/5765)",
    "train time": 2488.444040298462,
    "test time": 9.025765419006348,
    "total_time": 2497.4892852306366
}