{
    "epoch": 2,
    "ASR": 0.0,
    "ACC": 0.9448979591836735,
    "TPR": "0.95(95/100)",
    "FPR": "0.05448979591836735(267/4900)",
    "lda step": "8",
    "train time": 247.79884266853333,
    "eval time": 4.225937128067017,
    "total_time": 252.1154661178589
}