{
    "epoch": 2,
    "ASR": 0.9,
    "ACC": 0.9346938775510204,
    "TPR": "0.0(0/10)",
    "FPR": "0.02040816326530612(10/490)",
    "train time": 137.80730605125427,
    "eval time": 165.49373745918274,
    "total_time": 303.307902097702
}