{
    "epoch": 10,
    "ASR": 0.9,
    "ACC": 0.9653061224489796,
    "TPR": "0.0(0/10)",
    "FPR": "0.006122448979591836(3/490)",
    "train time": 2490.0990715026855,
    "test time": 23.91322112083435,
    "total_time": 309.2756190299988
}