{
    "epoch": 10,
    "ASR": 0.9,
    "ACC": 0.9387755102040817,
    "TPR": "0.0(0/10)",
    "FPR": "0.030612244897959183(15/490)",
    "train time": 2490.0990710258484,
    "test time": 120.63186287879944,
    "total_time": 257.1037287712097
}