{
    "epoch": 2,
    "ASR": 0.9,
    "ACC": 0.936734693877551,
    "TPR": "0.0(0/10)",
    "FPR": "0.01020408163265306(5/490)",
    "train time": 138.43697500228882,
    "eval time": 267.19136333465576,
    "total_time": 405.63734006881714
}