{
    "epoch": 2,
    "ASR": 0.0,
    "ACC": 0.5408163265306123,
    "eval time": 10.186337947845459,
    "total_time": 10.186361074447632
}