{
    "epoch": 2,
    "ASR": 0.0,
    "ACC": 0.9183673469387755,
    "TPR": "1.0(200/200)",
    "FPR": "0.004591836734693878(45/9800)",
    "train time": 881.455708026886,
    "eval time": 8.415171384811401,
    "total_time": 889.9115612506866
}