{
    "epoch": 2,
    "ASR": 0.013157894736842105,
    "ACC": 0.9364930182599356,
    "TPR": "1.0(2552/2552)",
    "FPR": "0.22752063207728232(28451/125048)",
    "train time": 37730.3207321167,
    "test time": 140.0702781677246,
    "total_time": 19467.07871723175
}