{
    "epoch": 2,
    "ASR": 1.0,
    "ACC": 0.2476609356257497,
    "train time": 12352.183152198792,
    "eval time": 295.83526134490967,
    "total_time": 12648.020165681839
}