{
    "epoch": 2,
    "ASR": 1.0,
    "ACC": 0.9531417830290011,
    "train time": 18560.03286743164,
    "test time": 140.0084400653839,
    "total_time": 18728.09743785858
}