{
    "epoch": 2,
    "ASR": 0.95,
    "ACC": 0.9224489795918367,
    "train time": 355.99288415908813,
    "eval time": 71.17736053466797,
    "total_time": 427.1719710826874
}