{
    "epoch": 2,
    "ASR": 0.9210526315789473,
    "ACC": 0.9449516648764769,
    "train time": 18560.032870292664,
    "test time": 618.9047977924347,
    "total_time": 626.2141032218933
}