{
    "epoch": 2,
    "ASR": 0.006578947368421052,
    "ACC": 0.952201933404941,
    "TPR": "1.0(2552/2552)",
    "FPR": "0.022743266585631118(2844/125048)",
    "train time": 21430.402175426483,
    "test time": 140.3248827457428,
    "total_time": 21594.96507883072
}