{
    "epoch": 2,
    "ASR": 0.0,
    "ACC": 0.9193877551020408,
    "TPR": "0.99(198/200)",
    "FPR": "0.015510204081632653(152/9800)",
    "lda step": "10",
    "train time": 539.0660281181335,
    "eval time": 9.706227779388428,
    "total_time": 548.933093547821
}