{
    "epoch": 2,
    "ASR": 1.0,
    "ACC": 0.9274028629856851,
    "TPR": "0.0(0/20)",
    "FPR": "0.0020408163265306124(2/980)",
    "train time": 356.8970367908478,
    "eval time": 220.92393803596497,
    "total_time": 577.8295094966888
}