{
    "epoch": 2,
    "ASR": 1.0,
    "ACC": 0.9267285861713106,
    "TPR": "0.0(0/20)",
    "FPR": "0.011224489795918367(11/980)",
    "train time": 360.0001862049103,
    "eval time": 410.6126205921173,
    "total_time": 770.620658159256
}