{
    "epoch": 2,
    "ASR": 0.0,
    "ACC": 0.39183673469387753,
    "eval time": 8.524097681045532,
    "total_time": 8.524115800857544
}