{
    "epoch": 2,
    "ASR": 0.05,
    "ACC": 0.9816326530612245,
    "TPR": "1.0(200/200)",
    "FPR": "0.09959183673469388(976/9800)",
    "train time": 1487.589693069458,
    "eval time": 14.968690395355225,
    "total_time": 1502.6097602844238
}