{
    "epoch": 2,
    "ASR": 1.0,
    "ACC": 0.9928571428571429,
    "train time": 653.8405468463898,
    "eval time": 15.183992385864258,
    "total_time": 669.0254936218262
}