{
    "epoch": 2,
    "ASR": 1.0,
    "ACC": 0.9836734693877551,
    "train time": 653.7426745891571,
    "eval time": 101.35050702095032,
    "total_time": 755.0945792198181
}