{
    "epoch": 2,
    "ASR": 0.05,
    "ACC": 0.9928571428571429,
    "TPR": "0.995(199/200)",
    "FPR": "0.03336734693877551(327/9800)",
    "lda step": "9",
    "train time": 890.5257720947266,
    "eval time": 15.99213171005249,
    "total_time": 906.7162232398987
}