{
    "epoch": 2,
    "ASR": 0.75,
    "ACC": 0.3479591836734694,
    "TPR": "0.25(5/20)",
    "FPR": "0.6510204081632653(638/980)",
    "train time": 655.1861641407013,
    "eval time": 35.9423930644989,
    "total_time": 1053.514101266861
}