{
    "epoch": 2,
    "ASR": 1.0,
    "ACC": 0.9724489795918367,
    "TPR": "0.0(0/20)",
    "FPR": "0.019387755102040816(19/980)",
    "train time": 655.5574793815613,
    "eval time": 230.41430640220642,
    "total_time": 1097.3828372955322
}