{
    "epoch": 2,
    "ASR": 0.1,
    "ACC": 0.6989795918367347,
    "eval time": 14.569632053375244,
    "total_time": 14.569652080535889
}