{
    "epoch": 2,
    "ASR": 0.7,
    "ACC": 0.9163265306122449,
    "TPR": "0.28(56/200)",
    "FPR": "0.0(0/9800)",
    "train time": 1752.254032611847,
    "eval time": 8.863824129104614,
    "total_time": 1761.1451420783997
}