{
    "epoch": 2,
    "ASR": 0.0,
    "ACC": 0.9214285714285714,
    "TPR": "0.71(142/200)",
    "FPR": "0.0(0/9800)",
    "train time": 1107.5707468986511,
    "eval time": 8.738609552383423,
    "total_time": 1116.3565366268158
}