{
    "epoch": 2,
    "ASR": 0.95,
    "ACC": 0.9153061224489796,
    "train time": 432.28319549560547,
    "eval time": 9.068374395370483,
    "total_time": 441.3526041507721
}