{
    "epoch": 2,
    "ASR": 0.2,
    "ACC": 0.8071428571428572,
    "train time": 454.3799560070038,
    "eval time": 31.880669116973877,
    "total_time": 486.2618751525879
}