{
    "epoch": 2,
    "ASR": 1.0,
    "ACC": 0.9122448979591836,
    "TPR": "0.355(71/200)",
    "FPR": "0.059489795918367346(583/9800)",
    "lda step": "11",
    "train time": 492.08963346481323,
    "eval time": 9.173158407211304,
    "total_time": 501.50227212905884
}