{
    "epoch": 2,
    "ASR": 0.0,
    "ACC": 0.7520408163265306,
    "TPR": "0.95(19/20)",
    "FPR": "0.2010204081632653(197/980)",
    "train time": 424.6976463794708,
    "eval time": 24.944470643997192,
    "total_time": 675.7496945858002
}