{
    "epoch": 2,
    "ASR": 0.9,
    "ACC": 0.9020408163265307,
    "TPR": "0.05(1/20)",
    "FPR": "0.011224489795918367(11/980)",
    "train time": 423.920077085495,
    "eval time": 212.9418981075287,
    "total_time": 828.2775242328644
}