{
    "epoch": 2,
    "ASR": 0.8,
    "ACC": 0.10816326530612246,
    "eval time": 7.311726331710815,
    "total_time": 7.3117454051971436
}