{
    "epoch": 2,
    "ASR": 0.0,
    "ACC": 0.9326530612244898,
    "eval time": 51.26912522315979,
    "total_time": 51.26913928985596
}