{
    "epoch": 2,
    "ASR": 0.55,
    "ACC": 0.33979591836734696,
    "eval time": 38.773186683654785,
    "total_time": 38.77319955825806
}