{
    "epoch": 2,
    "ASR": 0.0,
    "ACC": 0.9081632653061225,
    "TPR": "0.0(0/200)",
    "FPR": "0.0017346938775510204(17/9800)",
    "train time": 1849.611977338791,
    "eval time": 9.307051181793213,
    "total_time": 1858.947431564331
}