{
    "epoch": 2,
    "ASR": 0.0,
    "ACC": 0.8969387755102041,
    "TPR": "0.66(132/200)",
    "FPR": "0.6062244897959184(5941/9800)",
    "train time": 877.6381599903107,
    "eval time": 9.578920841217041,
    "total_time": 887.281302690506
}