{
    "epoch": 2,
    "ASR": 0.0,
    "ACC": 0.9091836734693878,
    "train time": 475.0964243412018,
    "eval time": 9.263395309448242,
    "total_time": 484.3607451915741
}