{
    "epoch": 2,
    "ASR": 0.0,
    "ACC": 0.822267620020429,
    "train time": 492.6775975227356,
    "eval time": 32.9745135307312,
    "total_time": 525.6533000469208
}