{
    "epoch": 2,
    "ASR": 0.0,
    "ACC": 0.8979591836734694,
    "TPR": "0.115(23/200)",
    "FPR": "0.07081632653061225(694/9800)",
    "lda step": "13",
    "train time": 499.43018651008606,
    "eval time": 8.929377555847168,
    "total_time": 508.5597152709961
}