{
    "epoch": 2,
    "ASR": 0.0,
    "ACC": 0.8877551020408163,
    "TPR": "0.05(1/20)",
    "FPR": "0.0326530612244898(32/980)",
    "train time": 470.5805678367615,
    "eval time": 28.26295828819275,
    "total_time": 744.2649734020233
}