{
    "epoch": 2,
    "ASR": 0.0,
    "ACC": 0.9040816326530612,
    "TPR": "0.0(0/20)",
    "FPR": "0.007142857142857143(7/980)",
    "train time": 475.5844955444336,
    "eval time": 215.70336651802063,
    "total_time": 902.8586678504944
}