{
    "epoch": 2,
    "ASR": 0.9,
    "ACC": 0.12857142857142856,
    "eval time": 7.271753549575806,
    "total_time": 7.271761417388916
}