{
    "epoch": 2,
    "ASR": 0.0,
    "ACC": 0.18775510204081633,
    "eval time": 12.689043998718262,
    "total_time": 12.689060926437378
}