{
    "epoch": 2,
    "ASR": 0.0,
    "ACC": 0.18979591836734694,
    "eval time": 13.487064361572266,
    "total_time": 13.487102508544922
}