{
    "epoch": 2,
    "ASR": 1.0,
    "ACC": 1.0,
    "TPR": "0.35(70/200)",
    "FPR": "0.5425510204081633(5317/9800)",
    "train time": 2052.6876571178436,
    "eval time": 9.297531366348267,
    "total_time": 2062.019787311554
}