{
    "epoch": 2,
    "ASR": 1.0,
    "ACC": 1.0,
    "TPR": "0.12(24/200)",
    "FPR": "0.11408163265306122(1118/9800)",
    "train time": 1101.9982225894928,
    "eval time": 9.173232078552246,
    "total_time": 1111.2173821926117
}