{
    "epoch": 2,
    "ASR": 1.0,
    "ACC": 1.0,
    "train time": 463.4526343345642,
    "eval time": 8.974886178970337,
    "total_time": 472.42872166633606
}