{
    "epoch": 2,
    "ASR": 1.0,
    "ACC": 1.0,
    "train time": 464.6485450267792,
    "eval time": 46.42256474494934,
    "total_time": 511.07347106933594
}