{
    "epoch": 2,
    "ASR": 1.0,
    "ACC": 1.0,
    "TPR": "0.02(4/200)",
    "FPR": "0.03489795918367347(342/9800)",
    "lda step": "8",
    "train time": 494.9802722930908,
    "eval time": 8.701045036315918,
    "total_time": 503.8789255619049
}