{
    "epoch": 2,
    "ASR": 1.0,
    "ACC": 1.0,
    "TPR": "0.0(0/20)",
    "FPR": "0.0(0/980)",
    "train time": 462.2112557888031,
    "eval time": 28.139522790908813,
    "total_time": 733.8136496543884
}