{
    "epoch": 2,
    "ASR": 1.0,
    "ACC": 0.986734693877551,
    "TPR": "0.0(0/20)",
    "FPR": "0.013265306122448979(13/980)",
    "train time": 460.43545794487,
    "eval time": 209.65326809883118,
    "total_time": 863.5966503620148
}