{
    "epoch": 2,
    "ASR": 1.0,
    "ACC": 0.8306122448979592,
    "eval time": 7.570670127868652,
    "total_time": 7.570683717727661
}