{
    "epoch": 2,
    "ASR": 0.3,
    "ACC": 0.09795918367346938,
    "eval time": 8.922407865524292,
    "total_time": 8.922430038452148
}