{
    "epoch": 2,
    "ASR": 0.1,
    "ACC": 0.29285714285714287,
    "eval time": 121.83210587501526,
    "total_time": 121.83211779594421
}