{
    "epoch": 2,
    "ASR": 0.0,
    "ACC": 0.1816326530612245,
    "eval time": 56.515214681625366,
    "total_time": 56.515231132507324
}