{
    "epoch": 2,
    "ASR": 0.85,
    "ACC": 0.9448979591836735,
    "TPR": "0.48(96/200)",
    "FPR": "0.13112244897959183(1285/9800)",
    "train time": 1364.8806936740875,
    "eval time": 5.297378063201904,
    "total_time": 1370.2115187644958
}