{
    "epoch": 2,
    "ASR": 0.8235294117647058,
    "ACC": 0.968421052631579,
    "TPR": "0.0(0/1355)",
    "FPR": "0.00013533834586466166(9/66500)",
    "train time": 22219.601611614227,
    "test time": 12.93483829498291,
    "total_time": 15301.775812149048
}