{
    "epoch": 2,
    "ASR": 0.35294117647058826,
    "ACC": 0.9637426900584796,
    "TPR": "0.9107011070110701(1234/1355)",
    "FPR": "0.022481203007518796(1495/66500)",
    "train time": 14608.463693380356,
    "test time": 12.966448545455933,
    "total_time": 7690.45597910881
}