{
    "epoch": 2,
    "ASR": 0.9,
    "ACC": 0.9459183673469388,
    "TPR": "0.015(3/200)",
    "FPR": "0.015510204081632653(152/9800)",
    "train time": 568.7454342842102,
    "eval time": 5.354371786117554,
    "total_time": 574.1452438831329
}