{
    "epoch": 2,
    "ASR": 0.9,
    "ACC": 0.9428571428571428,
    "train time": 211.8210153579712,
    "eval time": 5.334917783737183,
    "total_time": 217.15709233283997
}