{
    "epoch": 2,
    "ASR": 0.7058823529411765,
    "ACC": 0.9672514619883041,
    "train time": 6935.082250595093,
    "test time": 11.863451480865479,
    "total_time": 15.796154975891113
}