{
    "epoch": 2,
    "ASR": 0.9,
    "ACC": 0.8751369112814896,
    "train time": 210.93681955337524,
    "eval time": 23.137730360031128,
    "total_time": 234.07576298713684
}