{
    "epoch": 2,
    "ASR": 0.6470588235294118,
    "ACC": 0.9087719298245615,
    "train time": 6935.082251787186,
    "test time": 37.18221950531006,
    "total_time": 41.4877188205719
}