{
    "epoch": 2,
    "ASR": 0.3,
    "ACC": 0.9479591836734694,
    "TPR": "0.85(170/200)",
    "FPR": "0.02326530612244898(228/9800)",
    "lda step": "8",
    "train time": 476.096155166626,
    "eval time": 8.351486444473267,
    "total_time": 484.6344904899597
}