{
    "epoch": 2,
    "ASR": 0.47058823529411764,
    "ACC": 0.9660818713450292,
    "TPR": "0.8738007380073801(1184/1355)",
    "FPR": "0.06622556390977444(4404/66500)",
    "train time": 7527.183613538742,
    "test time": 13.103578805923462,
    "total_time": 7540.435175180435
}