{
    "epoch": 2,
    "ASR": 0.7058823529411765,
    "ACC": 0.9567251461988304,
    "TPR": "0.0(0/17)",
    "FPR": "0.014035087719298246(12/855)",
    "train time": 6935.082251548767,
    "test time": 36.06918263435364,
    "total_time": 3162.8459763526917
}