{
    "epoch": 2,
    "ASR": 0.9,
    "ACC": 0.9224489795918367,
    "TPR": "0.0(0/20)",
    "FPR": "0.02959183673469388(29/980)",
    "train time": 212.5996332168579,
    "eval time": 133.64220356941223,
    "total_time": 346.25016236305237
}