{
    "epoch": 2,
    "ASR": 0.9,
    "ACC": 0.9326530612244898,
    "TPR": "0.0(0/20)",
    "FPR": "0.01020408163265306(10/980)",
    "train time": 211.65899872779846,
    "eval time": 416.06503081321716,
    "total_time": 627.7315075397491
}