{
    "epoch": 2,
    "ASR": 0.0,
    "ACC": 0.6448979591836734,
    "eval time": 6.7392661571502686,
    "total_time": 6.7392802238464355
}