{
    "epoch": 2,
    "ASR": 0.0,
    "ACC": 0.13052631578947368,
    "eval time": 8.557092905044556,
    "total_time": 8.557112693786621
}