{
    "epoch": 2,
    "ASR": 0.4,
    "ACC": 0.16326530612244897,
    "eval time": 15.827757120132446,
    "total_time": 15.827780485153198
}