{
    "epoch": 2,
    "ASR": 0.85,
    "ACC": 0.9612244897959183,
    "TPR": "0.095(19/200)",
    "FPR": "0.14142857142857143(1386/9800)",
    "train time": 1091.5053052902222,
    "eval time": 5.34656834602356,
    "total_time": 1096.8772900104523
}