{
    "epoch": 2,
    "ASR": 0.8235294117647058,
    "ACC": 0.968421052631579,
    "TPR": "0.0(0/1355)",
    "FPR": "0.00013533834586466166(9/66500)",
    "train time": 21544.68354344368,
    "test time": 12.856566429138184,
    "total_time": 14640.865582466125
}