{
    "epoch": 2,
    "ASR": 0.2,
    "ACC": 0.9622448979591837,
    "TPR": "0.8(160/200)",
    "FPR": "0.016122448979591836(158/9800)",
    "train time": 562.2948567867279,
    "eval time": 5.33946681022644,
    "total_time": 567.6812753677368
}