{
    "epoch": 2,
    "ASR": 0.5882352941176471,
    "ACC": 0.9707602339181286,
    "TPR": "0.7608856088560886(1031/1355)",
    "FPR": "0.0257593984962406(1713/66500)",
    "train time": 14597.298330545425,
    "test time": 12.826635122299194,
    "total_time": 7693.189913511276
}