{
    "epoch": 2,
    "ASR": 0.8823529411764706,
    "ACC": 0.9625730994152046,
    "train time": 6923.415354967117,
    "test time": 11.165759086608887,
    "total_time": 6960.8294224739075
}