{
    "epoch": 2,
    "ASR": 0.8,
    "ACC": 0.960204081632653,
    "train time": 210.837877035141,
    "eval time": 5.340645790100098,
    "total_time": 216.17931127548218
}