{
    "epoch": 2,
    "ASR": 0.2,
    "ACC": 0.8764897074756229,
    "train time": 209.8198380470276,
    "eval time": 23.667179107666016,
    "total_time": 233.4881272315979
}