{
    "epoch": 2,
    "ASR": 0.5882352941176471,
    "ACC": 0.9064327485380117,
    "train time": 6923.415357351303,
    "test time": 39.424625873565674,
    "total_time": 47.179062843322754
}