{
    "epoch": 2,
    "ASR": 0.05,
    "ACC": 0.963265306122449,
    "TPR": "0.915(183/200)",
    "FPR": "0.028877551020408163(283/9800)",
    "lda step": "15",
    "train time": 531.5398724079132,
    "eval time": 7.828787803649902,
    "total_time": 539.5696866512299
}