{
    "epoch": 2,
    "ASR": 0.058823529411764705,
    "ACC": 0.9649122807017544,
    "TPR": "0.9188191881918819(1245/1355)",
    "FPR": "0.061037593984962404(4059/66500)",
    "train time": 7565.896982192993,
    "test time": 13.067408084869385,
    "total_time": 7579.103563308716
}