{
    "epoch": 2,
    "ASR": 0.0,
    "ACC": 0.7,
    "TPR": "0.85(17/20)",
    "FPR": "0.2653061224489796(260/980)",
    "train time": 210.52005529403687,
    "eval time": 130.46001601219177,
    "total_time": 340.98715925216675
}