{
    "epoch": 2,
    "ASR": 0.7058823529411765,
    "ACC": 0.9614035087719298,
    "TPR": "0.23529411764705882(4/17)",
    "FPR": "0.008187134502923977(7/855)",
    "train time": 6923.415356636047,
    "test time": 33.77789330482483,
    "total_time": 2633.7670016288757
}