{
    "epoch": 2,
    "ASR": 0.8,
    "ACC": 0.9530612244897959,
    "TPR": "0.0(0/20)",
    "FPR": "0.009183673469387756(9/980)",
    "train time": 212.48618388175964,
    "eval time": 450.4618272781372,
    "total_time": 662.9565567970276
}