{
    "epoch": 2,
    "ASR": 0.0,
    "ACC": 0.6153061224489796,
    "eval time": 6.69659161567688,
    "total_time": 6.696599006652832
}