{
    "epoch": 2,
    "ASR": 0.1,
    "ACC": 0.9255102040816326,
    "TPR": "0.72(144/200)",
    "FPR": "0.0723469387755102(709/9800)",
    "lda step": "31",
    "train time": 654.6172387599945,
    "eval time": 8.756359100341797,
    "total_time": 663.5190434455872
}