{
    "epoch": 2,
    "ASR": 0.0,
    "ACC": 0.9,
    "TPR": "0.985(197/200)",
    "FPR": "0.04459183673469388(437/9800)",
    "lda step": "9",
    "train time": 1224.7261803150177,
    "eval time": 22.97183132171631,
    "total_time": 1248.0636990070343
}