{
    "epoch": 2,
    "ASR": 0.0,
    "ACC": 0.9183673469387755,
    "TPR": "0.905(181/200)",
    "FPR": "0.0(0/9800)",
    "train time": 1763.1550710201263,
    "eval time": 8.32540225982666,
    "total_time": 1771.507206916809
}