{
    "epoch": 2,
    "ASR": 0.0,
    "ACC": 0.9204081632653062,
    "TPR": "1.0(200/200)",
    "FPR": "0.0(0/9800)",
    "train time": 1110.18292593956,
    "eval time": 8.657043218612671,
    "total_time": 1118.8936531543732
}