{
    "epoch": 2,
    "ASR": 1.0,
    "ACC": 0.9255102040816326,
    "train time": 450.0407030582428,
    "eval time": 8.694031476974487,
    "total_time": 458.7356741428375
}