{
    "epoch": 2,
    "ASR": 0.95,
    "ACC": 0.8,
    "train time": 431.2224838733673,
    "eval time": 32.504448652267456,
    "total_time": 463.7281959056854
}