{
    "epoch": 2,
    "ASR": 0.0,
    "ACC": 0.9081632653061225,
    "TPR": "0.985(197/200)",
    "FPR": "0.04989795918367347(489/9800)",
    "lda step": "10",
    "train time": 490.47937273979187,
    "eval time": 8.729119539260864,
    "total_time": 499.40170431137085
}