{
    "epoch": 2,
    "ASR": 1.0,
    "ACC": 0.9102040816326531,
    "TPR": "0.0(0/20)",
    "FPR": "0.022448979591836733(22/980)",
    "train time": 450.84800028800964,
    "eval time": 26.54248332977295,
    "total_time": 709.0789132118225
}