{
    "epoch": 2,
    "ASR": 1.0,
    "ACC": 0.9112244897959184,
    "TPR": "0.0(0/20)",
    "FPR": "0.015306122448979591(15/980)",
    "train time": 453.3073670864105,
    "eval time": 219.81045269966125,
    "total_time": 878.5398054122925
}