{
    "epoch": 2,
    "ASR": 0.6,
    "ACC": 0.13163265306122449,
    "eval time": 7.813190698623657,
    "total_time": 7.8132078647613525
}