{
    "epoch": 2,
    "ASR": 0.9,
    "ACC": 0.9469387755102041,
    "TPR": "0.21(21/100)",
    "FPR": "0.0(0/4900)",
    "train time": 662.8653962612152,
    "eval time": 3.398886203765869,
    "total_time": 666.2830717563629
}