{
    "epoch": 10,
    "ASR": 0.7,
    "ACC": 0.9673469387755103,
    "TPR": "0.2672413793103448(31/116)",
    "FPR": "0.0(0/5765)",
    "train time": 5937.248622179031,
    "test time": 8.976822137832642,
    "total_time": 3467.39537858963
}