{
    "epoch": 10,
    "ASR": 1.0,
    "ACC": 0.9612244897959183,
    "TPR": "0.008620689655172414(1/116)",
    "FPR": "0.005377276669557675(31/5765)",
    "train time": 5148.9988052845,
    "test time": 9.021549701690674,
    "total_time": 2681.2445821762085
}