{
    "epoch": 2,
    "ASR": 0.0,
    "ACC": 0.936734693877551,
    "TPR": "0.98(98/100)",
    "FPR": "0.03775510204081633(185/4900)",
    "train time": 364.8385510444641,
    "eval time": 3.3990559577941895,
    "total_time": 368.27282547950745
}