{
    "epoch": 10,
    "ASR": 1.0,
    "ACC": 0.9734693877551021,
    "train time": 2486.309634923935,
    "test time": 7.830243349075317,
    "total_time": 2521.4428205490112
}