{
    "epoch": 2,
    "ASR": 1.0,
    "ACC": 0.9448979591836735,
    "train time": 140.0723910331726,
    "eval time": 3.4067628383636475,
    "total_time": 143.48067092895508
}