{
    "epoch": 2,
    "ASR": 0.2,
    "ACC": 0.8775510204081632,
    "train time": 244.80398964881897,
    "eval time": 13.752062559127808,
    "total_time": 258.5579800605774
}