{
    "epoch": 10,
    "ASR": 0.1,
    "ACC": 0.9102040816326531,
    "train time": 2486.3096358776093,
    "test time": 19.188767433166504,
    "total_time": 25.7837176322937
}