{
    "epoch": 2,
    "ASR": 0.0,
    "ACC": 0.9428571428571428,
    "TPR": "1.0(100/100)",
    "FPR": "0.05612244897959184(275/4900)",
    "lda step": "20",
    "train time": 286.99199199676514,
    "eval time": 4.552854776382446,
    "total_time": 291.6385164260864
}