{
    "epoch": 10,
    "ASR": 0.0,
    "ACC": 0.9653061224489796,
    "TPR": "0.9827586206896551(114/116)",
    "FPR": "0.04163052905464007(240/5765)",
    "train time": 2475.2082340717316,
    "test time": 9.024503946304321,
    "total_time": 2484.2504642009735
}