{
    "epoch": 10,
    "ASR": 0.0,
    "ACC": 0.17142857142857143,
    "TPR": "1.0(10/10)",
    "FPR": "0.8244897959183674(404/490)",
    "train time": 2486.309636116028,
    "test time": 17.474825859069824,
    "total_time": 301.4675133228302
}