{
    "epoch": 2,
    "ASR": 0.0,
    "ACC": 0.2163265306122449,
    "TPR": "1.0(10/10)",
    "FPR": "0.7714285714285715(378/490)",
    "train time": 139.4933307170868,
    "eval time": 163.32406163215637,
    "total_time": 302.82494282722473
}