{
    "epoch": 2,
    "ASR": 1.0,
    "ACC": 0.9306122448979591,
    "TPR": "0.0(0/10)",
    "FPR": "0.01020408163265306(5/490)",
    "train time": 139.00575923919678,
    "eval time": 285.49453377723694,
    "total_time": 424.5094985961914
}