{
    "epoch": 10,
    "ASR": 1.0,
    "ACC": 0.9591836734693877,
    "TPR": "0.0(0/10)",
    "FPR": "0.014285714285714285(7/490)",
    "train time": 2486.309636116028,
    "test time": 131.63365530967712,
    "total_time": 246.2033669948578
}