{
    "epoch": 2,
    "ASR": 0.0,
    "ACC": 0.47959183673469385,
    "eval time": 10.3184232711792,
    "total_time": 10.318444013595581
}