{
    "epoch": 2,
    "ASR": 0.0,
    "ACC": 0.2,
    "eval time": 52.464985609054565,
    "total_time": 52.4649977684021
}