{
    "epoch": 2,
    "ASR": 0.0,
    "ACC": 0.7142857142857143,
    "eval time": 28.587259531021118,
    "total_time": 28.587273120880127
}