{
    "epoch": 2,
    "ASR": 0.05,
    "ACC": 0.9428571428571428,
    "TPR": "0.87(174/200)",
    "FPR": "0.059897959183673466(587/9800)",
    "lda step": "26",
    "train time": 568.738303899765,
    "eval time": 8.971314191818237,
    "total_time": 577.8678019046783
}