{
    "epoch": 2,
    "ASR": 0.75,
    "ACC": 0.9887755102040816,
    "TPR": "0.025(5/200)",
    "FPR": "0.04989795918367347(489/9800)",
    "train time": 1526.1753087043762,
    "eval time": 9.185360193252563,
    "total_time": 1535.3887422084808
}