{
    "epoch": 2,
    "ASR": 0.8390804597701149,
    "ACC": 0.9906911798929485,
    "TPR": "0.06320541760722348(28/443)",
    "FPR": "0.09312242090784044(2031/21810)",
    "train time": 9543.550678730011,
    "test time": 111.16214966773987,
    "total_time": 6824.9407477378845
}