{
    "epoch": 2,
    "ASR": 0.0,
    "ACC": 0.9928571428571429,
    "TPR": "0.97(194/200)",
    "FPR": "0.003979591836734694(39/9800)",
    "train time": 934.9730749130249,
    "eval time": 9.187575340270996,
    "total_time": 944.2176804542542
}