{
    "epoch": 2,
    "ASR": 0.011494252873563218,
    "ACC": 0.9925529439143589,
    "TPR": "0.9954853273137697(441/443)",
    "FPR": "0.015497478220999542(338/21810)",
    "train time": 6225.0691504478455,
    "test time": 111.1015522480011,
    "total_time": 3507.053687095642
}