{
    "epoch": 2,
    "ASR": 0.75,
    "ACC": 0.9897959183673469,
    "train time": 376.9037334918976,
    "eval time": 9.16533875465393,
    "total_time": 386.06999039649963
}