{
    "epoch": 2,
    "ASR": 0.8275862068965517,
    "ACC": 0.9916220619036538,
    "train time": 2837.906848192215,
    "test time": 97.0179717540741,
    "total_time": 2963.4040162563324
}