{
    "epoch": 2,
    "ASR": 0.6,
    "ACC": 0.8907048008171604,
    "train time": 374.0507445335388,
    "eval time": 28.579946517944336,
    "total_time": 402.6319181919098
}