{
    "epoch": 2,
    "ASR": 0.7586206896551724,
    "ACC": 0.8766006984866124,
    "train time": 2837.9068512916565,
    "test time": 195.16941690444946,
    "total_time": 203.56557178497314
}