{
    "epoch": 2,
    "ASR": 0.022988505747126436,
    "ACC": 0.988596695368862,
    "TPR": "0.801354401805869(355/443)",
    "FPR": "0.04745529573590096(1035/21810)",
    "train time": 3400.9741225242615,
    "test time": 110.49136734008789,
    "total_time": 3511.5164453983307
}