{
    "epoch": 2,
    "ASR": 0.05,
    "ACC": 0.986734693877551,
    "TPR": "0.71(142/200)",
    "FPR": "0.04306122448979592(422/9800)",
    "lda step": "6",
    "train time": 563.3723151683807,
    "eval time": 10.576460361480713,
    "total_time": 574.1140022277832
}