{
    "epoch": 2,
    "ASR": 0.0,
    "ACC": 0.22244897959183674,
    "TPR": "1.0(20/20)",
    "FPR": "0.7765306122448979(761/980)",
    "train time": 375.25599575042725,
    "eval time": 235.96033024787903,
    "total_time": 611.2243568897247
}