{
    "epoch": 2,
    "ASR": 0.75,
    "ACC": 0.9775510204081632,
    "TPR": "0.0(0/20)",
    "FPR": "0.012244897959183673(12/980)",
    "train time": 374.9836161136627,
    "eval time": 421.1122353076935,
    "total_time": 796.1030526161194
}