{
    "epoch": 2,
    "ASR": 0.25,
    "ACC": 0.8295918367346938,
    "eval time": 21.993549346923828,
    "total_time": 21.99356460571289
}