{
    "epoch": 2,
    "ASR": 0.2,
    "ACC": 0.31326530612244896,
    "eval time": 24.612247943878174,
    "total_time": 24.61226511001587
}