{
    "epoch": 2,
    "ASR": 1.0,
    "ACC": 0.9510204081632653,
    "TPR": "0.0(0/100)",
    "FPR": "0.011224489795918367(55/4900)",
    "train time": 682.6339240074158,
    "eval time": 3.4278032779693604,
    "total_time": 686.0863754749298
}