{
    "epoch": 10,
    "ASR": 1.0,
    "ACC": 0.9734693877551021,
    "TPR": "0.5431034482758621(63/116)",
    "FPR": "0.12922810060711187(745/5765)",
    "train time": 5672.5641922950745,
    "test time": 9.050182104110718,
    "total_time": 3184.764988422394
}