{
    "epoch": 10,
    "ASR": 1.0,
    "ACC": 0.9530612244897959,
    "TPR": "0.0(0/116)",
    "FPR": "0.02168256721595837(125/5765)",
    "train time": 5165.61199092865,
    "test time": 9.084403276443481,
    "total_time": 2677.9396007061005
}