{
    "epoch": 2,
    "ASR": 1.0,
    "ACC": 0.9469387755102041,
    "TPR": "0.0(0/100)",
    "FPR": "0.05551020408163265(272/4900)",
    "train time": 372.92048501968384,
    "eval time": 3.4107677936553955,
    "total_time": 376.36018919944763
}