{
    "epoch": 10,
    "ASR": 1.0,
    "ACC": 0.9734693877551021,
    "train time": 2503.592133998871,
    "test time": 7.832232713699341,
    "total_time": 2538.4608721733093
}