{
    "epoch": 2,
    "ASR": 1.0,
    "ACC": 0.9448979591836735,
    "train time": 141.57600283622742,
    "eval time": 3.3882980346679688,
    "total_time": 144.96537327766418
}