{
    "epoch": 2,
    "ASR": 1.0,
    "ACC": 0.8734693877551021,
    "train time": 140.885324716568,
    "eval time": 13.933557033538818,
    "total_time": 154.8200261592865
}