{
    "epoch": 10,
    "ASR": 1.0,
    "ACC": 0.926530612244898,
    "train time": 2503.592135667801,
    "test time": 18.365321397781372,
    "total_time": 25.543936252593994
}