{
    "epoch": 2,
    "ASR": 0.0,
    "ACC": 0.9551020408163265,
    "TPR": "1.0(100/100)",
    "FPR": "0.04224489795918367(207/4900)",
    "lda step": "13",
    "train time": 270.0377278327942,
    "eval time": 4.155850172042847,
    "total_time": 274.2911410331726
}