{
    "epoch": 10,
    "ASR": 0.0,
    "ACC": 0.9734693877551021,
    "TPR": "1.0(116/116)",
    "FPR": "0.026539462272333045(153/5765)",
    "train time": 2540.691371679306,
    "test time": 9.042771577835083,
    "total_time": 2549.749635696411
}