{
    "epoch": 10,
    "ASR": 0.7,
    "ACC": 0.2714285714285714,
    "TPR": "0.3(3/10)",
    "FPR": "0.7224489795918367(354/490)",
    "train time": 2503.5921359062195,
    "test time": 18.357585668563843,
    "total_time": 304.7494869232178
}