{
    "epoch": 2,
    "ASR": 1.0,
    "ACC": 0.9326530612244898,
    "TPR": "0.0(0/10)",
    "FPR": "0.022448979591836733(11/490)",
    "train time": 140.58182215690613,
    "eval time": 166.42657852172852,
    "total_time": 307.0214741230011
}