{
    "epoch": 2,
    "ASR": 1.0,
    "ACC": 0.9428571428571428,
    "TPR": "0.0(0/10)",
    "FPR": "0.00816326530612245(4/490)",
    "train time": 140.87254643440247,
    "eval time": 280.46262645721436,
    "total_time": 421.34257411956787
}