{
    "epoch": 10,
    "ASR": 1.0,
    "ACC": 0.9591836734693877,
    "TPR": "0.0(0/10)",
    "FPR": "0.014285714285714285(7/490)",
    "train time": 2503.5921351909637,
    "test time": 115.73189997673035,
    "total_time": 242.49736070632935
}