{
    "epoch": 2,
    "ASR": 0.0,
    "ACC": 0.5122448979591837,
    "eval time": 10.31829285621643,
    "total_time": 10.318315982818604
}