{
    "epoch": 2,
    "ASR": 0.0,
    "ACC": 0.1306122448979592,
    "eval time": 84.37478566169739,
    "total_time": 84.37480115890503
}