{
    "epoch": 2,
    "ASR": 0.8,
    "ACC": 0.10816326530612246,
    "eval time": 7.37411093711853,
    "total_time": 7.374120712280273
}