{
    "epoch": 6,
    "ASR": 1.0,
    "ACC": 0.8336842105263158,
    "TPR": "0.0(0/95)",
    "FPR": "0.6870389884088515(3260/4745)",
    "train time": 3132.4123389720917,
    "test time": 8.900070428848267,
    "total_time": 2144.6021118164062
}