{
    "epoch": 2,
    "ASR": 0.7777777777777778,
    "ACC": 0.6505263157894737,
    "TPR": "0.0(0/96)",
    "FPR": "0.93929173693086(4456/4744)",
    "train time": 947.1818873882294,
    "eval time": 4.109667778015137,
    "total_time": 951.327800989151
}