{
    "epoch": 2,
    "ASR": 0.0,
    "ACC": 0.88,
    "TPR": "0.0625(6/96)",
    "FPR": "0.024030354131534568(114/4744)",
    "train time": 519.2289094924927,
    "eval time": 4.395533323287964,
    "total_time": 523.651971578598
}