{
    "epoch": 6,
    "ASR": 0.8888888888888888,
    "ACC": 0.8989473684210526,
    "TPR": "0.021052631578947368(2/95)",
    "FPR": "0.02528977871443625(120/4745)",
    "train time": 2366.50528883934,
    "test time": 8.877167701721191,
    "total_time": 1264.2689142227173
}