{
    "epoch": 6,
    "ASR": 0.8888888888888888,
    "ACC": 0.9031578947368422,
    "train time": 1118.7335886955261,
    "test time": 7.737555503845215,
    "total_time": 1152.8455171585083
}