{
    "epoch": 2,
    "ASR": 0.8888888888888888,
    "ACC": 0.8821052631578947,
    "train time": 203.8630769252777,
    "eval time": 4.092278003692627,
    "total_time": 207.95623564720154
}