{
    "epoch": 6,
    "ASR": 0.8888888888888888,
    "ACC": 0.8526315789473684,
    "train time": 1118.7335901260376,
    "test time": 25.935832023620605,
    "total_time": 35.097641944885254
}