{
    "epoch": 2,
    "ASR": 0.7777777777777778,
    "ACC": 0.7852631578947369,
    "train time": 203.53675603866577,
    "eval time": 20.1323401927948,
    "total_time": 223.6700940132141
}