{
    "epoch": 2,
    "ASR": 0.0,
    "ACC": 0.88,
    "TPR": "0.8645833333333334(83/96)",
    "FPR": "0.03709949409780776(176/4744)",
    "lda step": "5",
    "train time": 239.57800221443176,
    "eval time": 4.472523927688599,
    "total_time": 244.12487888336182
}