{
    "epoch": 6,
    "ASR": 0.0,
    "ACC": 0.8968421052631579,
    "TPR": "0.9578947368421052(91/95)",
    "FPR": "0.0505795574288725(240/4745)",
    "train time": 1179.0310826301575,
    "test time": 8.90598464012146,
    "total_time": 1187.9482617378235
}