{
    "epoch": 2,
    "ASR": 0.7777777777777778,
    "ACC": 0.8673684210526316,
    "TPR": "0.1111111111111111(1/9)",
    "FPR": "0.02736842105263158(13/475)",
    "train time": 210.22373580932617,
    "eval time": 241.05781602859497,
    "total_time": 451.2890498638153
}