{
    "epoch": 6,
    "ASR": 0.8888888888888888,
    "ACC": 0.8968421052631579,
    "TPR": "0.0(0/9)",
    "FPR": "0.008421052631578947(4/475)",
    "train time": 1118.7335913181305,
    "test time": 124.09212875366211,
    "total_time": 239.72089290618896
}