{
    "epoch": 2,
    "ASR": 0.8888888888888888,
    "ACC": 0.8631578947368421,
    "TPR": "0.0(0/9)",
    "FPR": "0.014736842105263158(7/475)",
    "train time": 211.35306525230408,
    "eval time": 294.4518587589264,
    "total_time": 505.8120379447937
}