{
    "epoch": 2,
    "ASR": 0.4444444444444444,
    "ACC": 0.3642105263157895,
    "eval time": 4.005879640579224,
    "total_time": 4.005897760391235
}