{
    "epoch": 2,
    "ASR": 0.0,
    "ACC": 0.15612244897959185,
    "TPR": "0.235(47/200)",
    "FPR": "0.21275510204081632(2085/9800)",
    "lda step": "24",
    "train time": 1691.3806557655334,
    "eval time": 16.341769695281982,
    "total_time": 1708.1747119426727
}