{
    "epoch": 2,
    "ASR": 0.0,
    "ACC": 0.15306122448979592,
    "eval time": 15.297254800796509,
    "total_time": 15.297291278839111
}