{
    "epoch": 2,
    "ASR": 0.1,
    "ACC": 0.9173469387755102,
    "TPR": "0.925(185/200)",
    "FPR": "0.040612244897959185(398/9800)",
    "lda step": "15",
    "train time": 599.824604511261,
    "eval time": 8.982924699783325,
    "total_time": 608.9376616477966
}