{
    "epoch": 2,
    "ASR": 0.0,
    "ACC": 0.3040816326530612,
    "TPR": "0.965(193/200)",
    "FPR": "0.04826530612244898(473/9800)",
    "lda step": "7",
    "train time": 2183.159978866577,
    "eval time": 37.113659143447876,
    "total_time": 2220.9972484111786
}