{
    "epoch": 2,
    "ASR": 0.0,
    "ACC": 0.1989795918367347,
    "eval time": 33.03762221336365,
    "total_time": 33.03763699531555
}