{
    "epoch": 2,
    "ASR": 0.2631578947368421,
    "ACC": 0.7932446264073695,
    "eval time": 57.854767084121704,
    "total_time": 57.85478186607361
}