{
    "epoch": 2,
    "ASR": 0.0,
    "ACC": 0.14285714285714285,
    "TPR": "0.46(46/100)",
    "FPR": "0.03979591836734694(195/4900)",
    "lda step": "7",
    "train time": 776.9834339618683,
    "eval time": 7.897653818130493,
    "total_time": 785.1836478710175
}