{
    "epoch": 2,
    "ASR": 0.0,
    "ACC": 0.14489795918367346,
    "eval time": 7.412588596343994,
    "total_time": 7.41260838508606
}