{
    "epoch": 2,
    "ASR": 0.05,
    "ACC": 0.8591836734693877,
    "eval time": 71.95166277885437,
    "total_time": 71.95169997215271
}