{
    "epoch": 10,
    "ASR": 0.9,
    "ACC": 0.8428571428571429,
    "TPR": "0.0(0/116)",
    "FPR": "0.5856027753686036(3376/5765)",
    "train time": 4628.579084634781,
    "test time": 9.022297620773315,
    "total_time": 2159.6817903518677
}