{
    "epoch": 2,
    "ASR": 1.0,
    "ACC": 0.8938775510204081,
    "TPR": "0.0(0/100)",
    "FPR": "0.6012244897959184(2946/4900)",
    "train time": 587.7140669822693,
    "eval time": 3.4466874599456787,
    "total_time": 591.1812500953674
}