{
    "epoch": 2,
    "ASR": 1.0,
    "ACC": 0.9591836734693877,
    "TPR": "0.0(0/100)",
    "FPR": "0.0067346938775510205(33/4900)",
    "train time": 375.6676425933838,
    "eval time": 3.4346108436584473,
    "total_time": 379.13888716697693
}