{
    "epoch": 10,
    "ASR": 0.9,
    "ACC": 0.9734693877551021,
    "TPR": "0.008620689655172414(1/116)",
    "FPR": "0.006591500433651344(38/5765)",
    "train time": 5204.463344097137,
    "test time": 9.087482452392578,
    "total_time": 2903.6094810962677
}