{
    "epoch": 10,
    "ASR": 0.9,
    "ACC": 0.9693877551020408,
    "train time": 2485.548444509506,
    "test time": 7.8129518032073975,
    "total_time": 2519.761499643326
}