{
    "epoch": 2,
    "ASR": 1.0,
    "ACC": 0.963265306122449,
    "train time": 140.72015500068665,
    "eval time": 3.432544708251953,
    "total_time": 144.15395522117615
}