{
    "epoch": 2,
    "ASR": 1.0,
    "ACC": 0.8306122448979592,
    "train time": 140.13298320770264,
    "eval time": 13.582635641098022,
    "total_time": 153.7173194885254
}