{
    "epoch": 10,
    "ASR": 0.9,
    "ACC": 0.9081632653061225,
    "train time": 2485.548446893692,
    "test time": 20.22165060043335,
    "total_time": 119.73185777664185
}