{
    "epoch": 10,
    "ASR": 0.0,
    "ACC": 0.9673469387755103,
    "TPR": "1.0(116/116)",
    "FPR": "0.03278404163052905(189/5765)",
    "train time": 2506.2116899490356,
    "test time": 9.024568557739258,
    "total_time": 2515.2514293193817
}