{
    "epoch": 2,
    "ASR": 0.0,
    "ACC": 0.9571428571428572,
    "TPR": "0.94(94/100)",
    "FPR": "0.03612244897959184(177/4900)",
    "lda step": "8",
    "train time": 249.51597833633423,
    "eval time": 4.264370441436768,
    "total_time": 253.8584611415863
}