{
    "epoch": 10,
    "ASR": 0.9,
    "ACC": 0.9673469387755103,
    "TPR": "0.0(0/10)",
    "FPR": "0.004081632653061225(2/490)",
    "train time": 2485.5484471321106,
    "test time": 24.031187057495117,
    "total_time": 342.447035074234
}