{
    "epoch": 2,
    "ASR": 1.0,
    "ACC": 0.963265306122449,
    "TPR": "0.0(0/10)",
    "FPR": "0.004081632653061225(2/490)",
    "train time": 137.84024381637573,
    "eval time": 165.34205746650696,
    "total_time": 303.1892750263214
}