{
    "epoch": 2,
    "ASR": 1.0,
    "ACC": 0.9551020408163265,
    "TPR": "0.0(0/10)",
    "FPR": "0.01020408163265306(5/490)",
    "train time": 139.88019108772278,
    "eval time": 273.30730271339417,
    "total_time": 413.19523453712463
}