{
    "epoch": 10,
    "ASR": 0.8,
    "ACC": 0.9571428571428572,
    "TPR": "0.1(1/10)",
    "FPR": "0.01020408163265306(5/490)",
    "train time": 2485.5484466552734,
    "test time": 110.11634349822998,
    "total_time": 295.8727231025696
}