{
    "epoch": 2,
    "ASR": 0.2,
    "ACC": 0.5510204081632653,
    "eval time": 10.259748458862305,
    "total_time": 10.259753942489624
}