{
    "epoch": 2,
    "ASR": 0.0,
    "ACC": 0.12653061224489795,
    "eval time": 3.776998519897461,
    "total_time": 3.7770183086395264
}