{
    "epoch": 2,
    "ASR": 0.9473684210526315,
    "ACC": 0.9918032786885246,
    "train time": 1527.2809972763062,
    "eval time": 32.26883625984192,
    "total_time": 1559.5509605407715
}