{
    "epoch": 2,
    "ASR": 0.0,
    "ACC": 0.9866803278688525,
    "TPR": "0.9545454545454546(189/198)",
    "FPR": "0.023990157883945047(234/9754)",
    "lda step": "6",
    "train time": 2227.074807405472,
    "eval time": 32.03773283958435,
    "total_time": 2266.2733969688416
}