{
    "epoch": 2,
    "ASR": 0.0,
    "ACC": 0.48565573770491804,
    "eval time": 29.048412084579468,
    "total_time": 29.048441410064697
}