{
    "epoch": 2,
    "ASR": 1.0,
    "ACC": 0.9625730994152046,
    "TPR": "0.007380073800738007(10/1355)",
    "FPR": "0.027142857142857142(1805/66500)",
    "train time": 21359.14962887764,
    "test time": 12.896547079086304,
    "total_time": 14424.98713684082
}