{
    "epoch": 2,
    "ASR": 0.9,
    "ACC": 0.9622448979591837,
    "TPR": "0.28(56/200)",
    "FPR": "0.0(0/9800)",
    "train time": 1142.694170475006,
    "eval time": 5.325038433074951,
    "total_time": 1148.0515339374542
}