{
    "epoch": 2,
    "ASR": 0.058823529411764705,
    "ACC": 0.9707602339181286,
    "TPR": "0.9837638376383764(1333/1355)",
    "FPR": "0.0242406015037594(1612/66500)",
    "train time": 14710.3483710289,
    "test time": 12.970707178115845,
    "total_time": 7775.990091562271
}