{
    "epoch": 2,
    "ASR": 0.2,
    "ACC": 0.9571428571428572,
    "TPR": "0.745(149/200)",
    "FPR": "0.015102040816326531(148/9800)",
    "train time": 568.7421073913574,
    "eval time": 5.307198524475098,
    "total_time": 574.091869354248
}