{
    "epoch": 2,
    "ASR": 1.0,
    "ACC": 0.9672514619883041,
    "train time": 6955.969924926758,
    "test time": 11.197213649749756,
    "total_time": 6996.78610253334
}