{
    "epoch": 2,
    "ASR": 0.95,
    "ACC": 0.9591836734693877,
    "train time": 212.48281836509705,
    "eval time": 5.312354803085327,
    "total_time": 217.79668498039246
}