{
    "epoch": 2,
    "ASR": 0.058823529411764705,
    "ACC": 0.9087719298245615,
    "train time": 6955.969926595688,
    "test time": 38.52093267440796,
    "total_time": 46.74217963218689
}