{
    "epoch": 2,
    "ASR": 0.3,
    "ACC": 0.898068669527897,
    "train time": 212.2690348625183,
    "eval time": 24.35361409187317,
    "total_time": 236.62396931648254
}