{
    "epoch": 2,
    "ASR": 0.0,
    "ACC": 0.9571428571428572,
    "TPR": "0.925(185/200)",
    "FPR": "0.027551020408163266(270/9800)",
    "lda step": "8",
    "train time": 487.39226937294006,
    "eval time": 7.700947523117065,
    "total_time": 495.2972719669342
}