{
    "epoch": 2,
    "ASR": 0.8823529411764706,
    "ACC": 0.9660818713450292,
    "TPR": "0.9158671586715867(1241/1355)",
    "FPR": "0.057428571428571426(3819/66500)",
    "train time": 38073.27146553993,
    "test time": 13.040951013565063,
    "total_time": 38086.47384929657
}