{
    "epoch": 2,
    "ASR": 0.0,
    "ACC": 0.5357142857142857,
    "TPR": "0.95(19/20)",
    "FPR": "0.45102040816326533(442/980)",
    "train time": 213.35683465003967,
    "eval time": 132.91152954101562,
    "total_time": 346.27688813209534
}