{
    "epoch": 2,
    "ASR": 0.0,
    "ACC": 0.4760233918128655,
    "TPR": "1.0(17/17)",
    "FPR": "0.512280701754386(438/855)",
    "train time": 6955.969927787781,
    "test time": 28.21912956237793,
    "total_time": 2675.7446217536926
}