{
    "epoch": 2,
    "ASR": 0.9,
    "ACC": 0.9510204081632653,
    "TPR": "0.05(1/20)",
    "FPR": "0.00816326530612245(8/980)",
    "train time": 213.68290328979492,
    "eval time": 398.14211535453796,
    "total_time": 611.8329174518585
}