{
    "epoch": 2,
    "ASR": 0.0,
    "ACC": 0.6244897959183674,
    "eval time": 6.415503263473511,
    "total_time": 6.415510416030884
}