{
    "epoch": 2,
    "ASR": 0.0,
    "ACC": 0.9153061224489796,
    "TPR": "0.93(186/200)",
    "FPR": "0.023775510204081633(233/9800)",
    "lda step": "9",
    "train time": 458.5015115737915,
    "eval time": 8.491992235183716,
    "total_time": 467.23618721961975
}