{
    "epoch": 2,
    "ASR": 0.0,
    "ACC": 0.33979591836734696,
    "eval time": 7.570629835128784,
    "total_time": 7.570644378662109
}