{
    "epoch": 2,
    "ASR": 0.05,
    "ACC": 0.9826530612244898,
    "TPR": "1.0(200/200)",
    "FPR": "0.03469387755102041(340/9800)",
    "train time": 1523.378687620163,
    "eval time": 14.895684957504272,
    "total_time": 1538.3128550052643
}