{
    "epoch": 2,
    "ASR": 1.0,
    "ACC": 0.9938775510204082,
    "train time": 657.6229555606842,
    "eval time": 15.017773628234863,
    "total_time": 672.6418676376343
}