{
    "epoch": 2,
    "ASR": 0.0,
    "ACC": 0.9857142857142858,
    "train time": 656.1798803806305,
    "eval time": 100.84214544296265,
    "total_time": 757.0233442783356
}