{
    "epoch": 2,
    "ASR": 1.0,
    "ACC": 0.9897959183673469,
    "TPR": "0.73(146/200)",
    "FPR": "0.05(490/9800)",
    "lda step": "9",
    "train time": 882.5184304714203,
    "eval time": 16.245173692703247,
    "total_time": 898.9251880645752
}