{
    "epoch": 2,
    "ASR": 0.0,
    "ACC": 0.07959183673469387,
    "TPR": "1.0(20/20)",
    "FPR": "0.9204081632653062(902/980)",
    "train time": 666.5173027515411,
    "eval time": 31.60199499130249,
    "total_time": 1056.4143924713135
}