{
    "epoch": 2,
    "ASR": 0.9,
    "ACC": 0.9734693877551021,
    "TPR": "0.1(2/20)",
    "FPR": "0.02142857142857143(21/980)",
    "train time": 657.5753502845764,
    "eval time": 237.6175000667572,
    "total_time": 1115.7849733829498
}