{
    "epoch": 2,
    "ASR": 0.1,
    "ACC": 0.689795918367347,
    "eval time": 15.137153148651123,
    "total_time": 15.137169599533081
}