{
    "epoch": 2,
    "ASR": 0.24342105263157895,
    "ACC": 0.7922932330827067,
    "TPR": "0.8883228840125392(2267/2552)",
    "FPR": "0.23132717036657924(28927/125048)",
    "train time": 37449.11496400833,
    "test time": 140.0849461555481,
    "total_time": 19101.165303707123
}