{
    "epoch": 2,
    "ASR": 0.6,
    "ACC": 0.8581632653061224,
    "TPR": "0.075(15/200)",
    "FPR": "0.20357142857142857(1995/9800)",
    "train time": 813.2607429027557,
    "eval time": 8.411852359771729,
    "total_time": 821.71395611763
}