{
    "epoch": 2,
    "ASR": 0.7368421052631579,
    "ACC": 0.9535445757250268,
    "train time": 18533.03001308441,
    "test time": 140.07366361618042,
    "total_time": 18700.411655902863
}