{
    "epoch": 2,
    "ASR": 0.6,
    "ACC": 0.9377551020408164,
    "train time": 351.6538608074188,
    "eval time": 8.398062467575073,
    "total_time": 360.05289673805237
}