{
    "epoch": 2,
    "ASR": 0.65,
    "ACC": 0.9163265306122449,
    "train time": 353.85944628715515,
    "eval time": 67.34393382072449,
    "total_time": 421.20469784736633
}