{
    "epoch": 2,
    "ASR": 0.7697368421052632,
    "ACC": 0.9045381310418904,
    "train time": 18533.030014514923,
    "test time": 623.7063083648682,
    "total_time": 631.6987082958221
}