{
    "epoch": 2,
    "ASR": 0.03289473684210526,
    "ACC": 0.9473684210526315,
    "TPR": "0.8467868338557993(2161/2552)",
    "FPR": "0.07992930714605591(9995/125048)",
    "train time": 20682.74111557007,
    "test time": 140.0648567199707,
    "total_time": 20846.856254816055
}