{
    "epoch": 2,
    "ASR": 0.05,
    "ACC": 0.9306122448979591,
    "TPR": "0.725(145/200)",
    "FPR": "0.03693877551020408(362/9800)",
    "lda step": "12",
    "train time": 535.3494114875793,
    "eval time": 9.630346298217773,
    "total_time": 545.1637878417969
}