{
    "epoch": 2,
    "ASR": 0.55,
    "ACC": 0.9435318275154004,
    "TPR": "0.0(0/20)",
    "FPR": "0.006122448979591836(6/980)",
    "train time": 349.844269990921,
    "eval time": 216.05852007865906,
    "total_time": 565.9098391532898
}