{
    "epoch": 2,
    "ASR": 0.55,
    "ACC": 0.9384615384615385,
    "TPR": "0.0(0/20)",
    "FPR": "0.00510204081632653(5/980)",
    "train time": 349.6733226776123,
    "eval time": 384.1810517311096,
    "total_time": 733.8620638847351
}