{
    "epoch": 2,
    "ASR": 0.0,
    "ACC": 0.3816326530612245,
    "eval time": 8.526111602783203,
    "total_time": 8.526122093200684
}