{
    "epoch": 2,
    "ASR": 0.0,
    "ACC": 0.18571428571428572,
    "eval time": 76.37129211425781,
    "total_time": 76.37130975723267
}