{
    "epoch": 2,
    "ASR": 0.0,
    "ACC": 0.0836734693877551,
    "eval time": 8.734605550765991,
    "total_time": 8.734619855880737
}