{
    "epoch": 2,
    "ASR": 0.0,
    "ACC": 0.21122448979591837,
    "eval time": 23.469955444335938,
    "total_time": 23.469979763031006
}