{
    "epoch": 2,
    "ASR": 1.0,
    "ACC": 1.0,
    "TPR": "0.335(67/200)",
    "FPR": "0.4524489795918367(4434/9800)",
    "train time": 2056.58886051178,
    "eval time": 9.751721143722534,
    "total_time": 2066.369682073593
}