{
    "epoch": 2,
    "ASR": 1.0,
    "ACC": 1.0,
    "TPR": "0.205(41/200)",
    "FPR": "0.17020408163265305(1668/9800)",
    "train time": 1112.3360631465912,
    "eval time": 9.571382522583008,
    "total_time": 1121.9621984958649
}