{
    "epoch": 2,
    "ASR": 1.0,
    "ACC": 1.0,
    "train time": 472.41924810409546,
    "eval time": 9.113082647323608,
    "total_time": 481.533255815506
}