{
    "epoch": 2,
    "ASR": 1.0,
    "ACC": 1.0,
    "train time": 462.58710193634033,
    "eval time": 47.599501609802246,
    "total_time": 510.1882815361023
}