{
    "epoch": 2,
    "ASR": 1.0,
    "ACC": 1.0,
    "TPR": "0.115(23/200)",
    "FPR": "0.03520408163265306(345/9800)",
    "lda step": "11",
    "train time": 496.77669882774353,
    "eval time": 9.167919158935547,
    "total_time": 506.10032653808594
}