{
    "epoch": 2,
    "ASR": 1.0,
    "ACC": 1.0,
    "TPR": "0.0(0/20)",
    "FPR": "0.0(0/980)",
    "train time": 473.85849118232727,
    "eval time": 28.695285081863403,
    "total_time": 749.2180554866791
}