{
    "epoch": 2,
    "ASR": 1.0,
    "ACC": 0.9887755102040816,
    "TPR": "0.0(0/20)",
    "FPR": "0.011224489795918367(11/980)",
    "train time": 475.49799704551697,
    "eval time": 200.29641580581665,
    "total_time": 869.0136404037476
}