{
    "epoch": 2,
    "ASR": 1.0,
    "ACC": 0.826530612244898,
    "eval time": 7.446624517440796,
    "total_time": 7.446637868881226
}