{
    "epoch": 2,
    "ASR": 1.0,
    "ACC": 0.9255102040816326,
    "TPR": "0.095(19/200)",
    "FPR": "0.1707142857142857(1673/9800)",
    "train time": 1971.545089006424,
    "eval time": 8.521103858947754,
    "total_time": 1980.0893909931183
}