{
    "epoch": 2,
    "ASR": 0.95,
    "ACC": 0.9295918367346939,
    "TPR": "0.02(4/200)",
    "FPR": "0.025510204081632654(250/9800)",
    "train time": 1048.928920507431,
    "eval time": 8.421926736831665,
    "total_time": 1057.3951609134674
}