{
    "epoch": 2,
    "ASR": 0.95,
    "ACC": 0.9295918367346939,
    "train time": 423.6319718360901,
    "eval time": 8.158096075057983,
    "total_time": 431.79095673561096
}