{
    "epoch": 2,
    "ASR": 0.95,
    "ACC": 0.886734693877551,
    "train time": 418.0342333316803,
    "eval time": 37.28775763511658,
    "total_time": 455.32345628738403
}