{
    "epoch": 2,
    "ASR": 0.1,
    "ACC": 0.9346938775510204,
    "TPR": "0.79(158/200)",
    "FPR": "0.027653061224489794(271/9800)",
    "lda step": "12",
    "train time": 489.7180757522583,
    "eval time": 8.338521718978882,
    "total_time": 498.2117199897766
}