{
    "epoch": 2,
    "ASR": 0.75,
    "ACC": 0.9091836734693878,
    "TPR": "0.2(4/20)",
    "FPR": "0.02142857142857143(21/980)",
    "train time": 415.62020349502563,
    "eval time": 25.892213106155396,
    "total_time": 663.2848393917084
}