{
    "epoch": 2,
    "ASR": 0.95,
    "ACC": 0.9153061224489796,
    "TPR": "0.0(0/20)",
    "FPR": "0.011224489795918367(11/980)",
    "train time": 418.43145275115967,
    "eval time": 195.959392786026,
    "total_time": 828.9392046928406
}