{
    "epoch": 2,
    "ASR": 0.05,
    "ACC": 0.6244897959183674,
    "eval time": 6.651967287063599,
    "total_time": 6.651981592178345
}