{
    "epoch": 2,
    "ASR": 0.0,
    "ACC": 0.9693877551020408,
    "TPR": "1.0(200/200)",
    "FPR": "0.11540816326530612(1131/9800)",
    "train time": 1478.8758327960968,
    "eval time": 14.944478034973145,
    "total_time": 1493.8649368286133
}