{
    "epoch": 2,
    "ASR": 1.0,
    "ACC": 0.9938775510204082,
    "train time": 662.3117978572845,
    "eval time": 15.101384401321411,
    "total_time": 677.4148151874542
}