{
    "epoch": 2,
    "ASR": 0.9,
    "ACC": 0.9938775510204082,
    "train time": 658.5334045886993,
    "eval time": 106.73011684417725,
    "total_time": 765.2648890018463
}