{
    "epoch": 2,
    "ASR": 0.0,
    "ACC": 0.9938775510204082,
    "TPR": "1.0(200/200)",
    "FPR": "0.03316326530612245(325/9800)",
    "lda step": "10",
    "train time": 899.072927236557,
    "eval time": 15.984111785888672,
    "total_time": 915.2154130935669
}