{
    "epoch": 2,
    "ASR": 0.55,
    "ACC": 0.46530612244897956,
    "TPR": "0.45(9/20)",
    "FPR": "0.5326530612244897(522/980)",
    "train time": 657.6559398174286,
    "eval time": 37.68342709541321,
    "total_time": 1054.8585803508759
}