{
    "epoch": 2,
    "ASR": 1.0,
    "ACC": 0.9877551020408163,
    "TPR": "0.0(0/20)",
    "FPR": "0.007142857142857143(7/980)",
    "train time": 657.5909912586212,
    "eval time": 224.40716195106506,
    "total_time": 1104.7768652439117
}