{
    "epoch": 2,
    "ASR": 0.3,
    "ACC": 0.6989795918367347,
    "eval time": 14.969262838363647,
    "total_time": 14.969268560409546
}