{
    "epoch": 2,
    "ASR": 0.0,
    "ACC": 0.9153061224489796,
    "TPR": "1.0(200/200)",
    "FPR": "0.02989795918367347(293/9800)",
    "lda step": "12",
    "train time": 513.7980539798737,
    "eval time": 9.487703561782837,
    "total_time": 523.4813823699951
}