{
    "epoch": 2,
    "ASR": 0.85,
    "ACC": 0.17244897959183675,
    "eval time": 17.2732515335083,
    "total_time": 17.27326512336731
}