{
    "epoch": 2,
    "ASR": 0.2631578947368421,
    "ACC": 0.7840327533265097,
    "eval time": 62.29423689842224,
    "total_time": 62.294264793395996
}