{
    "epoch": 2,
    "ASR": 1.0,
    "ACC": 0.9672514619883041,
    "TPR": "0.0(0/1355)",
    "FPR": "0.00010526315789473685(7/66500)",
    "train time": 22742.53733229637,
    "test time": 13.278170585632324,
    "total_time": 15765.251533985138
}