{
    "epoch": 2,
    "ASR": 1.0,
    "ACC": 0.9622448979591837,
    "TPR": "0.05(10/200)",
    "FPR": "0.14581632653061224(1429/9800)",
    "train time": 1105.2892520427704,
    "eval time": 5.329189300537109,
    "total_time": 1110.6469995975494
}