{
    "epoch": 2,
    "ASR": 0.05,
    "ACC": 0.9653061224489796,
    "TPR": "1.0(200/200)",
    "FPR": "0.015816326530612244(155/9800)",
    "train time": 564.6579186916351,
    "eval time": 5.3280322551727295,
    "total_time": 570.0298733711243
}