{
    "epoch": 2,
    "ASR": 0.058823529411764705,
    "ACC": 0.9649122807017544,
    "TPR": "0.996309963099631(1350/1355)",
    "FPR": "0.0(0/66500)",
    "train time": 14924.484899759293,
    "test time": 13.063959121704102,
    "total_time": 7947.485620737076
}