{
    "epoch": 2,
    "ASR": 1.0,
    "ACC": 0.9540816326530612,
    "train time": 214.67988514900208,
    "eval time": 5.320082426071167,
    "total_time": 220.00115871429443
}