{
    "epoch": 2,
    "ASR": 1.0,
    "ACC": 0.9660818713450292,
    "train time": 6994.8927211761475,
    "test time": 11.28130555152893,
    "total_time": 7020.801428318024
}