{
    "epoch": 2,
    "ASR": 1.0,
    "ACC": 0.9111111111111111,
    "train time": 6994.89272403717,
    "test time": 40.97801613807678,
    "total_time": 45.38843011856079
}