{
    "epoch": 2,
    "ASR": 1.0,
    "ACC": 0.8833693304535637,
    "train time": 212.871155500412,
    "eval time": 23.47100853919983,
    "total_time": 236.3435173034668
}