{
    "epoch": 2,
    "ASR": 0.05,
    "ACC": 0.9571428571428572,
    "TPR": "0.995(199/200)",
    "FPR": "0.009387755102040816(92/9800)",
    "lda step": "8",
    "train time": 481.19874596595764,
    "eval time": 9.270371913909912,
    "total_time": 490.6280572414398
}