{
    "epoch": 2,
    "ASR": 0.0,
    "ACC": 0.9649122807017544,
    "TPR": "1.0(1355/1355)",
    "FPR": "0.02544360902255639(1692/66500)",
    "train time": 7885.2685742378235,
    "test time": 13.129637718200684,
    "total_time": 7898.567636728287
}