{
    "epoch": 2,
    "ASR": 1.0,
    "ACC": 0.9255102040816326,
    "TPR": "0.0(0/20)",
    "FPR": "0.04387755102040816(43/980)",
    "train time": 213.02010655403137,
    "eval time": 134.91342425346375,
    "total_time": 347.94070053100586
}