{
    "epoch": 2,
    "ASR": 1.0,
    "ACC": 0.95,
    "TPR": "0.0(0/20)",
    "FPR": "0.007142857142857143(7/980)",
    "train time": 212.8745415210724,
    "eval time": 408.23630475997925,
    "total_time": 621.1196782588959
}