{
    "epoch": 2,
    "ASR": 0.0,
    "ACC": 0.6091836734693877,
    "eval time": 6.763240575790405,
    "total_time": 6.763257026672363
}