{
    "epoch": 2,
    "ASR": 0.75,
    "ACC": 0.9377551020408164,
    "TPR": "0.27(54/200)",
    "FPR": "0.0(0/9800)",
    "train time": 2002.057752609253,
    "eval time": 8.733331680297852,
    "total_time": 2010.8174512386322
}