{
    "epoch": 2,
    "ASR": 0.0,
    "ACC": 0.9438775510204082,
    "TPR": "1.0(200/200)",
    "FPR": "0.02642857142857143(259/9800)",
    "train time": 1100.8241469860077,
    "eval time": 8.52566409111023,
    "total_time": 1109.3920226097107
}