{
    "epoch": 2,
    "ASR": 1.0,
    "ACC": 0.936734693877551,
    "train time": 430.69193291664124,
    "eval time": 8.30032467842102,
    "total_time": 438.99356293678284
}