{
    "epoch": 2,
    "ASR": 0.05,
    "ACC": 0.8908163265306123,
    "train time": 428.1407446861267,
    "eval time": 38.19928336143494,
    "total_time": 466.3413474559784
}