{
    "epoch": 2,
    "ASR": 0.0,
    "ACC": 0.9346938775510204,
    "TPR": "0.795(159/200)",
    "FPR": "0.02857142857142857(280/9800)",
    "lda step": "9",
    "train time": 491.3682134151459,
    "eval time": 7.965810537338257,
    "total_time": 499.5279552936554
}