{
    "epoch": 2,
    "ASR": 0.0,
    "ACC": 0.4479591836734694,
    "TPR": "1.0(20/20)",
    "FPR": "0.5306122448979592(520/980)",
    "train time": 417.6540877819061,
    "eval time": 242.4675645828247,
    "total_time": 660.1284248828888
}