{
    "epoch": 2,
    "ASR": 1.0,
    "ACC": 0.9214285714285714,
    "TPR": "0.0(0/20)",
    "FPR": "0.019387755102040816(19/980)",
    "train time": 419.19203758239746,
    "eval time": 393.06353068351746,
    "total_time": 812.2639608383179
}