{
    "epoch": 2,
    "ASR": 0.1,
    "ACC": 0.6459183673469387,
    "eval time": 7.045621871948242,
    "total_time": 7.045635223388672
}