{
    "epoch": 2,
    "ASR": 1.0,
    "ACC": 0.9806032786885246,
    "TPR": "0.0(0/96)",
    "FPR": "0.067284991568296795(82/4744)",
    "train time": 1521.2809972763062,
    "eval time": 4.234846353530884,
    "total_time": 1151.4905219078064
}