{
    "epoch": 2,
    "ASR": 1.0,
    "ACC": 0.9906032786885246,
    "train time": 1539.2809972763062,
    "eval time": 32.26883625984192,
    "total_time": 1559.5509605407715
}