{
    "epoch": 2,
    "ASR": 1.0,
    "ACC": 0.9787860369609856,
    "train time": 1493.6575245857239,
    "eval time": 719.9897770881653,
    "total_time": 2194.6486864089966
}