{
    "epoch": 2,
    "ASR": 0.0,
    "ACC": 0.9908163265306122,
    "TPR": "1.0(198/198)",
    "FPR": "0.0205963725791577(201/9759)",
    "lda step": "9",
    "train time": 2258.568665266037,
    "eval time": 32.49648332595825,
    "total_time": 2298.22678732872
}