{
    "epoch": 2,
    "ASR": 0.0,
    "ACC": 0.4969387755102041,
    "eval time": 30.63993263244629,
    "total_time": 30.639956951141357
}