{
    "epoch": 2,
    "ASR": 0.0,
    "ACC": 0.32653061224489793,
    "eval time": 82.52356052398682,
    "total_time": 82.52358198165894
}