{
    "epoch": 2,
    "ASR": 0.0,
    "ACC": 0.32448979591836735,
    "TPR": "0.28(56/200)",
    "FPR": "0.15418367346938774(1511/9800)",
    "lda step": "31",
    "train time": 3278.19477725029,
    "eval time": 31.775266647338867,
    "total_time": 3310.582612514496
}