{
    "epoch": 2,
    "ASR": 0.2,
    "ACC": 0.2826530612244898,
    "eval time": 27.644639253616333,
    "total_time": 27.644653797149658
}