{
    "epoch": 2,
    "ASR": 1.0,
    "ACC": 0.8736842105263158,
    "TPR": "0.0(0/96)",
    "FPR": "0.017284991568296795(82/4744)",
    "train time": 1147.2409036159515,
    "eval time": 4.234846353530884,
    "total_time": 1151.4905219078064
}