{
    "epoch": 6,
    "ASR": 1.0,
    "ACC": 0.8821052631578947,
    "TPR": "0.010526315789473684(1/95)",
    "FPR": "0.015384615384615385(73/4745)",
    "train time": 3871.3957266807556,
    "test time": 8.831041097640991,
    "total_time": 2892.4795339107513
}