{
    "epoch": 6,
    "ASR": 0.0,
    "ACC": 0.8652631578947368,
    "TPR": "1.0(95/95)",
    "FPR": "0.02929399367755532(139/4745)",
    "train time": 2364.734424829483,
    "test time": 8.931749820709229,
    "total_time": 1261.1570556163788
}