{
    "epoch": 2,
    "ASR": 1.0,
    "ACC": 0.8631578947368421,
    "TPR": "0.0(0/96)",
    "FPR": "0.01032883642495784(49/4744)",
    "train time": 518.5604076385498,
    "eval time": 4.19990873336792,
    "total_time": 522.7873363494873
}