{
    "epoch": 2,
    "ASR": 1.0,
    "ACC": 0.8610526315789474,
    "train time": 223.23249220848083,
    "eval time": 4.275881290435791,
    "total_time": 227.50978088378906
}