{
    "epoch": 6,
    "ASR": 1.0,
    "ACC": 0.848421052631579,
    "train time": 1120.9366900920868,
    "test time": 7.695944786071777,
    "total_time": 1154.6358480453491
}