{
    "epoch": 6,
    "ASR": 1.0,
    "ACC": 0.8168421052631579,
    "train time": 1120.9366915225983,
    "test time": 26.436565399169922,
    "total_time": 33.694716691970825
}