{
    "epoch": 2,
    "ASR": 1.0,
    "ACC": 0.8378947368421052,
    "train time": 207.56301426887512,
    "eval time": 19.8633930683136,
    "total_time": 227.42770552635193
}