{
    "epoch": 6,
    "ASR": 0.0,
    "ACC": 0.8652631578947368,
    "TPR": "1.0(95/95)",
    "FPR": "0.04741833508956796(225/4745)",
    "train time": 1194.4610681533813,
    "test time": 8.912433385848999,
    "total_time": 1203.3876423835754
}