{
    "epoch": 2,
    "ASR": 0.0,
    "ACC": 0.8863157894736842,
    "TPR": "0.9583333333333334(92/96)",
    "FPR": "0.03456998313659359(164/4744)",
    "lda step": "11",
    "train time": 250.65681505203247,
    "eval time": 4.511016845703125,
    "total_time": 255.24012207984924
}