{
    "epoch": 2,
    "ASR": 1.0,
    "ACC": 0.8378947368421052,
    "TPR": "0.0(0/9)",
    "FPR": "0.037894736842105266(18/475)",
    "train time": 212.4267554283142,
    "eval time": 237.84302139282227,
    "total_time": 450.27702498435974
}