{
    "epoch": 6,
    "ASR": 1.0,
    "ACC": 0.8463157894736842,
    "TPR": "0.0(0/9)",
    "FPR": "0.00631578947368421(3/475)",
    "train time": 1120.9366912841797,
    "test time": 107.89199185371399,
    "total_time": 215.50055599212646
}