{
    "epoch": 2,
    "ASR": 1.0,
    "ACC": 0.8505263157894737,
    "TPR": "0.0(0/9)",
    "FPR": "0.00631578947368421(3/475)",
    "train time": 212.62142300605774,
    "eval time": 311.1622076034546,
    "total_time": 523.7910046577454
}