{
    "epoch": 2,
    "ASR": 0.2222222222222222,
    "ACC": 0.35789473684210527,
    "eval time": 4.45385217666626,
    "total_time": 4.453869581222534
}