{
    "epoch": 2,
    "ASR": 0.05,
    "ACC": 0.9377551020408164,
    "TPR": "1.0(200/200)",
    "FPR": "0.03510204081632653(344/9800)",
    "train time": 868.0120828151703,
    "eval time": 8.334798812866211,
    "total_time": 876.4178578853607
}