{
    "epoch": 2,
    "ASR": 0.16447368421052633,
    "ACC": 0.8082706766917294,
    "TPR": "0.9988244514106583(2549/2552)",
    "FPR": "0.5772103512251295(72179/125048)",
    "train time": 37543.344806194305,
    "test time": 140.3659143447876,
    "total_time": 12378.487377643585
}