{
    "epoch": 2,
    "ASR": 0.4392156862745098,
    "ACC": 0.8170331867253099,
    "train time": 12195.278507232666,
    "eval time": 293.8534047603607,
    "total_time": 12489.133866071701
}