{
    "epoch": 2,
    "ASR": 1.0,
    "ACC": 0.9535445757250268,
    "train time": 18478.09016919136,
    "test time": 140.074144744873,
    "total_time": 18645.10205245018
}