{
    "epoch": 2,
    "ASR": 1.0,
    "ACC": 0.9458915145005371,
    "train time": 18478.090170383453,
    "test time": 607.1794707775116,
    "total_time": 614.1420645713806
}