{
    "epoch": 2,
    "ASR": 1.0,
    "ACC": 0.95,
    "train time": 352.72088170051575,
    "eval time": 68.67970776557922,
    "total_time": 421.40206384658813
}