{
    "epoch": 2,
    "ASR": 0.05263157894736842,
    "ACC": 0.9512620837808807,
    "TPR": "0.9984326018808778(2548/2552)",
    "FPR": "0.025638154948499775(3206/125048)",
    "train time": 21066.89371919632,
    "test time": 140.09645552635193,
    "total_time": 21230.523719787598
}