{
    "epoch": 2,
    "ASR": 0.1,
    "ACC": 0.9448979591836735,
    "TPR": "1.0(200/200)",
    "FPR": "0.018367346938775512(180/9800)",
    "lda step": "15",
    "train time": 555.4679327011108,
    "eval time": 9.679404497146606,
    "total_time": 565.3181846141815
}