{
    "epoch": 2,
    "ASR": 1.0,
    "ACC": 0.953464322647363,
    "TPR": "0.0(0/20)",
    "FPR": "0.013265306122448979(13/980)",
    "train time": 351.09392762184143,
    "eval time": 216.91212606430054,
    "total_time": 568.0128002166748
}