{
    "epoch": 2,
    "ASR": 1.0,
    "ACC": 0.9496327387198321,
    "TPR": "0.05(1/20)",
    "FPR": "0.027551020408163266(27/980)",
    "train time": 352.9019467830658,
    "eval time": 389.8037931919098,
    "total_time": 742.7128918170929
}