{
    "epoch": 2,
    "ASR": 0.0,
    "ACC": 0.39183673469387753,
    "eval time": 8.493788242340088,
    "total_time": 8.493801832199097
}