{
    "epoch": 2,
    "ASR": 0.0,
    "ACC": 0.4775510204081633,
    "eval time": 9.685433387756348,
    "total_time": 9.685444355010986
}