{
    "epoch": 2,
    "ASR": 0.3,
    "ACC": 0.1989795918367347,
    "eval time": 22.46981143951416,
    "total_time": 22.469827890396118
}