{
    "epoch": 2,
    "ASR": 1.0,
    "ACC": 0.9897959183673469,
    "TPR": "0.0(0/100)",
    "FPR": "0.004081632653061225(20/4900)",
    "train time": 544.9461064338684,
    "eval time": 4.331645250320435,
    "total_time": 549.3178317546844
}