{
    "epoch": 2,
    "ASR": 1.0,
    "ACC": 0.9918367346938776,
    "train time": 215.559396982193,
    "eval time": 4.149053335189819,
    "total_time": 219.70950150489807
}