{
    "epoch": 2,
    "ASR": 1.0,
    "ACC": 0.9857142857142858,
    "train time": 213.5297713279724,
    "eval time": 18.98277735710144,
    "total_time": 232.51395344734192
}