{
    "epoch": 2,
    "ASR": 0.6,
    "ACC": 0.9938775510204082,
    "TPR": "0.94(94/100)",
    "FPR": "0.012244897959183673(60/4900)",
    "lda step": "10",
    "train time": 301.45863246917725,
    "eval time": 4.366986036300659,
    "total_time": 305.9112854003906
}