{
    "epoch": 2,
    "ASR": 0.1,
    "ACC": 0.10612244897959183,
    "TPR": "0.9(9/10)",
    "FPR": "0.8938775510204081(438/490)",
    "train time": 224.4269106388092,
    "eval time": 235.91885662078857,
    "total_time": 460.3529243469238
}