{
    "epoch": 2,
    "ASR": 1.0,
    "ACC": 0.9693877551020408,
    "TPR": "0.0(0/10)",
    "FPR": "0.022448979591836733(11/490)",
    "train time": 218.57025241851807,
    "eval time": 254.94951224327087,
    "total_time": 473.52660059928894
}