{
    "epoch": 2,
    "ASR": 0.0,
    "ACC": 0.12653061224489795,
    "eval time": 4.67694878578186,
    "total_time": 4.676964521408081
}