{
    "epoch": 2,
    "ASR": 0.0,
    "ACC": 0.813265306122449,
    "eval time": 21.065213680267334,
    "total_time": 21.06522560119629
}