{
    "epoch": 2,
    "ASR": 1.0,
    "ACC": 0.9908163265306122,
    "TPR": "0.005(1/200)",
    "FPR": "0.035816326530612244(351/9800)",
    "train time": 1577.6323027610779,
    "eval time": 9.23869800567627,
    "total_time": 1586.9042654037476
}