{
    "epoch": 2,
    "ASR": 0.9310344827586207,
    "ACC": 0.9932511054223877,
    "TPR": "0.9322799097065463(413/443)",
    "FPR": "0.0(0/21810)",
    "train time": 9863.896127700806,
    "test time": 111.45883512496948,
    "total_time": 7104.111830472946
}