{
    "epoch": 2,
    "ASR": 0.0,
    "ACC": 0.9908163265306122,
    "TPR": "1.0(200/200)",
    "FPR": "0.002551020408163265(25/9800)",
    "train time": 945.7361512184143,
    "eval time": 9.256584882736206,
    "total_time": 955.0444722175598
}