{
    "epoch": 2,
    "ASR": 0.0,
    "ACC": 0.9916220619036538,
    "TPR": "1.0(443/443)",
    "FPR": "0.05396607060981201(1177/21810)",
    "train time": 6220.774576187134,
    "test time": 111.64196467399597,
    "total_time": 3460.4351348876953
}