{
    "epoch": 2,
    "ASR": 1.0,
    "ACC": 0.9928571428571429,
    "train time": 380.8061320781708,
    "eval time": 9.219324350357056,
    "total_time": 390.0266079902649
}