{
    "epoch": 2,
    "ASR": 1.0,
    "ACC": 0.9920875029090063,
    "train time": 2879.915415763855,
    "test time": 97.20539045333862,
    "total_time": 3005.545720100403
}