{
    "epoch": 2,
    "ASR": 1.0,
    "ACC": 0.8907048008171604,
    "train time": 379.0662431716919,
    "eval time": 27.25642204284668,
    "total_time": 406.3239245414734
}