{
    "epoch": 2,
    "ASR": 0.9655172413793104,
    "ACC": 0.8910360884749708,
    "train time": 2879.915416955948,
    "test time": 182.74717092514038,
    "total_time": 190.5731794834137
}