{
    "epoch": 2,
    "ASR": 0.0,
    "ACC": 0.9836734693877551,
    "TPR": "1.0(200/200)",
    "FPR": "0.04010204081632653(393/9800)",
    "lda step": "5",
    "train time": 560.2139792442322,
    "eval time": 10.825776815414429,
    "total_time": 571.1990389823914
}