{
    "epoch": 2,
    "ASR": 0.22988505747126436,
    "ACC": 0.9883639748661857,
    "TPR": "0.981941309255079(435/443)",
    "FPR": "0.039339752407152685(858/21810)",
    "train time": 3417.4108312129974,
    "test time": 111.08660769462585,
    "total_time": 3528.5498316287994
}