{
    "epoch": 2,
    "ASR": 0.2,
    "ACC": 0.29489795918367345,
    "TPR": "0.8(16/20)",
    "FPR": "0.7040816326530612(690/980)",
    "train time": 378.73723316192627,
    "eval time": 236.66547918319702,
    "total_time": 615.4108283519745
}