{
    "epoch": 2,
    "ASR": 1.0,
    "ACC": 0.9908163265306122,
    "TPR": "0.0(0/20)",
    "FPR": "0.003061224489795918(3/980)",
    "train time": 379.8017942905426,
    "eval time": 449.4599018096924,
    "total_time": 829.2700743675232
}