{
    "epoch": 2,
    "ASR": 0.1,
    "ACC": 0.8244897959183674,
    "eval time": 9.47468376159668,
    "total_time": 9.47469162940979
}