{
    "epoch": 2,
    "ASR": 0.1,
    "ACC": 0.8418367346938775,
    "eval time": 13.713929891586304,
    "total_time": 13.713940143585205
}