{
    "epoch": 2,
    "ASR": 0.15,
    "ACC": 0.8122448979591836,
    "eval time": 24.58604669570923,
    "total_time": 24.586063146591187
}