{
    "epoch": 2,
    "ASR": 1.0,
    "ACC": 0.9692860369609856,
    "train time": 1496.6575245857239,
    "eval time": 718.3897770881653,
    "total_time": 2194.6486864089966
}