{
    "epoch": 2,
    "ASR": 0.21052631578947367,
    "ACC": 0.9897645854657113,
    "TPR": "0.9494949494949495(188/198)",
    "FPR": "0.022440823854903168(219/9759)",
    "lda step": "9",
    "train time": 2295.875326156616,
    "eval time": 32.27813792228699,
    "total_time": 2335.3130662441254
}