{
    "epoch": 2,
    "ASR": 0.0,
    "ACC": 0.4923234390992835,
    "eval time": 29.461857557296753,
    "total_time": 29.461899280548096
}