{
    "epoch": 2,
    "ASR": 0.0,
    "ACC": 0.9918367346938776,
    "TPR": "1.0(100/100)",
    "FPR": "0.07510204081632653(368/4900)",
    "train time": 526.7463552951813,
    "eval time": 4.354103326797485,
    "total_time": 531.1309368610382
}