{
    "epoch": 2,
    "ASR": 1.0,
    "ACC": 0.9959183673469387,
    "train time": 233.40372037887573,
    "eval time": 4.3932342529296875,
    "total_time": 237.7979016304016
}