{
    "epoch": 2,
    "ASR": 0.1,
    "ACC": 0.9959016393442623,
    "train time": 243.8839373588562,
    "eval time": 17.39581871032715,
    "total_time": 261.2810790538788
}