{
    "epoch": 2,
    "ASR": 0.0,
    "ACC": 0.9959183673469387,
    "TPR": "0.85(85/100)",
    "FPR": "0.0010204081632653062(5/4900)",
    "lda step": "4",
    "train time": 277.7015109062195,
    "eval time": 4.235572576522827,
    "total_time": 282.0213499069214
}