{
    "epoch": 2,
    "ASR": 0.0,
    "ACC": 0.11224489795918367,
    "TPR": "1.0(10/10)",
    "FPR": "0.8877551020408163(435/490)",
    "train time": 211.61947011947632,
    "eval time": 230.8274552822113,
    "total_time": 442.45378851890564
}