{
    "epoch": 2,
    "ASR": 1.0,
    "ACC": 0.9734693877551021,
    "TPR": "0.0(0/10)",
    "FPR": "0.022448979591836733(11/490)",
    "train time": 209.3451325893402,
    "eval time": 298.2620642185211,
    "total_time": 507.6140983104706
}