{
    "epoch": 2,
    "ASR": 0.0,
    "ACC": 0.12653061224489795,
    "eval time": 9.44883394241333,
    "total_time": 9.448849201202393
}