{
    "epoch": 2,
    "ASR": 0.0,
    "ACC": 0.7551020408163265,
    "TPR": "1.0(200/200)",
    "FPR": "0.0(0/9800)",
    "train time": 1143.8713986873627,
    "eval time": 9.114635229110718,
    "total_time": 1153.0458755493164
}