{
    "epoch": 2,
    "ASR": 1.0,
    "ACC": 0.7551020408163265,
    "train time": 474.77564311027527,
    "eval time": 9.263952493667603,
    "total_time": 484.0409667491913
}