{
    "epoch": 2,
    "ASR": 1.0,
    "ACC": 0.713265306122449,
    "train time": 483.4653823375702,
    "eval time": 36.76198863983154,
    "total_time": 520.2286105155945
}