{
    "epoch": 2,
    "ASR": 0.0,
    "ACC": 0.7561224489795918,
    "TPR": "0.975(195/200)",
    "FPR": "0.009693877551020408(95/9800)",
    "lda step": "7",
    "train time": 478.21784138679504,
    "eval time": 8.19422435760498,
    "total_time": 486.6547520160675
}