{
    "epoch": 2,
    "ASR": 0.4444444444444444,
    "ACC": 0.3705263157894737,
    "eval time": 4.02311110496521,
    "total_time": 4.023132085800171
}