{
    "epoch": 2,
    "ASR": 0.0,
    "ACC": 0.8653061224489796,
    "TPR": "0.96(192/200)",
    "FPR": "0.03612244897959184(354/9800)",
    "lda step": "12",
    "train time": 1273.6331193447113,
    "eval time": 23.20747137069702,
    "total_time": 1297.2485620975494
}