{
    "epoch": 2,
    "ASR": 0.0,
    "ACC": 0.560204081632653,
    "eval time": 20.407402515411377,
    "total_time": 20.407415628433228
}