{
    "epoch": 2,
    "ASR": 0.05,
    "ACC": 0.9459183673469388,
    "TPR": "1.0(200/200)",
    "FPR": "0.01653061224489796(162/9800)",
    "lda step": "20",
    "train time": 523.4014537334442,
    "eval time": 8.369191408157349,
    "total_time": 531.9603204727173
}