{
    "epoch": 2,
    "ASR": 0.0,
    "ACC": 0.43500511770726713,
    "eval time": 35.26067662239075,
    "total_time": 35.2606885433197
}