{
    "epoch": 2,
    "ASR": 1.0,
    "ACC": 0.9932511054223877,
    "TPR": "0.04740406320541761(21/443)",
    "FPR": "0.03475469967904631(758/21810)",
    "train time": 9676.011203050613,
    "test time": 111.16310381889343,
    "total_time": 6926.2039976119995
}