{
    "epoch": 2,
    "ASR": 1.0,
    "ACC": 0.9938775510204082,
    "TPR": "0.02(4/200)",
    "FPR": "0.03316326530612245(325/9800)",
    "train time": 1551.2948706150055,
    "eval time": 9.203474044799805,
    "total_time": 1560.5255615711212
}