{
    "epoch": 2,
    "ASR": 0.0,
    "ACC": 0.9927856644170352,
    "TPR": "1.0(443/443)",
    "FPR": "0.00651077487391105(142/21810)",
    "train time": 6298.687541246414,
    "test time": 111.32185864448547,
    "total_time": 3722.186686038971
}