{
    "epoch": 2,
    "ASR": 0.0,
    "ACC": 0.9959183673469387,
    "TPR": "1.0(200/200)",
    "FPR": "0.0027551020408163266(27/9800)",
    "train time": 922.7996673583984,
    "eval time": 9.229068279266357,
    "total_time": 932.0696151256561
}