{
    "epoch": 2,
    "ASR": 1.0,
    "ACC": 0.9948979591836735,
    "train time": 372.52492117881775,
    "eval time": 9.256487369537354,
    "total_time": 381.782546043396
}