{
    "epoch": 2,
    "ASR": 1.0,
    "ACC": 0.9913893414009775,
    "train time": 2867.162651538849,
    "test time": 96.99039125442505,
    "total_time": 2995.092833518982
}