{
    "epoch": 2,
    "ASR": 0.1,
    "ACC": 0.8987730061349694,
    "train time": 372.820237159729,
    "eval time": 25.55534529685974,
    "total_time": 398.37721586227417
}