{
    "epoch": 2,
    "ASR": 0.14942528735632185,
    "ACC": 0.8868451688009313,
    "train time": 2867.1626539230347,
    "test time": 190.23551654815674,
    "total_time": 214.65542483329773
}