{
    "epoch": 2,
    "ASR": 0.0,
    "ACC": 0.9887755102040816,
    "TPR": "0.98(196/200)",
    "FPR": "0.04306122448979592(422/9800)",
    "lda step": "7",
    "train time": 568.8800003528595,
    "eval time": 10.851576328277588,
    "total_time": 579.9148259162903
}