{
    "epoch": 2,
    "ASR": 0.0,
    "ACC": 0.990225738887596,
    "TPR": "0.9796839729119639(434/443)",
    "FPR": "0.04250343878954608(927/21810)",
    "train time": 3414.455439567566,
    "test time": 110.5829210281372,
    "total_time": 3525.093903541565
}