{
    "epoch": 2,
    "ASR": 0.0,
    "ACC": 0.1326530612244898,
    "TPR": "1.0(20/20)",
    "FPR": "0.8673469387755102(850/980)",
    "train time": 371.7071237564087,
    "eval time": 233.24752712249756,
    "total_time": 604.9616732597351
}