{
    "epoch": 2,
    "ASR": 1.0,
    "ACC": 0.986734693877551,
    "TPR": "0.0(0/20)",
    "FPR": "0.009183673469387756(9/980)",
    "train time": 371.8458433151245,
    "eval time": 450.0671691894531,
    "total_time": 821.9226171970367
}