{
    "epoch": 2,
    "ASR": 0.15,
    "ACC": 0.813265306122449,
    "eval time": 9.278734683990479,
    "total_time": 9.278745651245117
}