{
    "epoch": 2,
    "ASR": 0.9724409448818898,
    "ACC": 0.9830051813471503,
    "TPR": "0.24803149606299213(126/508)",
    "FPR": "0.40319237147595355(3890/9648)",
    "train time": 998.5071399211884,
    "eval time": 75.73589181900024,
    "total_time": 1074.294667482376
}