{
    "epoch": 2,
    "ASR": 0.9803149606299213,
    "ACC": 0.9786528497409327,
    "train time": 445.13596868515015,
    "eval time": 76.22391891479492,
    "total_time": 521.361635684967
}