{
    "epoch": 2,
    "ASR": 0.8700787401574803,
    "ACC": 0.9832124352331606,
    "TPR": "0.47834645669291337(243/508)",
    "FPR": "0.056592039800995024(546/9648)",
    "lda step": "9",
    "train time": 699.1819000244141,
    "eval time": 93.8189537525177,
    "total_time": 793.1613323688507
}