{
    "epoch": 2,
    "ASR": 0.01968503937007874,
    "ACC": 0.03854922279792746,
    "eval time": 64.54267382621765,
    "total_time": 64.54271245002747
}