{
    "epoch": 2,
    "ASR": 0.631578947368421,
    "ACC": 0.9129989764585466,
    "eval time": 120.9954023361206,
    "total_time": 120.99543142318726
}